date,yield_curve_10y2y
2024-11-04,0.0014
2024-11-05,0.0007
2024-11-06,0.0015
2024-11-07,0.001
2024-11-08,0.0004
2024-11-11,0.0004
2024-11-12,0.0009
2024-11-13,0.0017
2024-11-14,0.0009
2024-11-15,0.0012
2024-11-18,0.0013
2024-11-19,0.0012
2024-11-20,0.001
2024-11-21,0.0009
2024-11-22,0.0004
2024-11-25,0.0006
2024-11-26,0.0009
2024-11-27,0.0006
2024-11-28,0.0006
2024-11-29,0.0005
2024-12-02,0.0002
2024-12-03,0.0006
2024-12-04,0.0006
2024-12-05,0.0002
2024-12-06,0.0005
2024-12-09,0.0007
2024-12-10,0.0007
2024-12-11,0.0011
2024-12-12,0.0014
2024-12-13,0.0015
2024-12-16,0.0014
2024-12-17,0.0015
2024-12-18,0.0015
2024-12-19,0.0025
2024-12-20,0.0022
2024-12-23,0.0029
2024-12-24,0.003
2024-12-25,0.003
2024-12-26,0.0028
2024-12-27,0.0031
2024-12-30,0.0031
2024-12-31,0.0033
2025-01-01,0.0033
2025-01-02,0.0032
2025-01-03,0.0032
2025-01-06,0.0034
2025-01-07,0.0037
2025-01-08,0.0039
2025-01-09,0.0041
2025-01-10,0.0037
2025-01-13,0.0039
2025-01-14,0.0041
2025-01-15,0.0039
2025-01-16,0.0038
2025-01-17,0.0034
2025-01-20,0.0034
2025-01-21,0.0028
2025-01-22,0.0031
2025-01-23,0.0036
2025-01-24,0.0036
2025-01-27,0.0036
2025-01-28,0.0036
2025-01-29,0.0034
2025-01-30,0.0034
2025-01-31,0.0036
2025-02-03,0.0028
2025-02-04,0.0031
2025-02-05,0.0026
2025-02-06,0.0024
2025-02-07,0.002
2025-02-10,0.0023
2025-02-11,0.0025
2025-02-12,0.0026
2025-02-13,0.0021
2025-02-14,0.0021
2025-02-17,0.0021
2025-02-18,0.0026
2025-02-19,0.0025
2025-02-20,0.0022
2025-02-21,0.0023
2025-02-24,0.0027
2025-02-25,0.0023
2025-02-26,0.002
2025-02-27,0.0022
2025-02-28,0.0025
2025-03-03,0.002
2025-03-04,0.0026
2025-03-05,0.0029
2025-03-06,0.0033
2025-03-07,0.0033
2025-03-10,0.0033
2025-03-11,0.0034
2025-03-12,0.0031
2025-03-13,0.0033
2025-03-14,0.0029
2025-03-17,0.0025
2025-03-18,0.0025
2025-03-19,0.0026
2025-03-20,0.0029
2025-03-21,0.0031
2025-03-24,0.003
2025-03-25,0.0035
2025-03-26,0.0037
2025-03-27,0.0041
2025-03-28,0.0038
2025-03-31,0.0034
2025-04-01,0.003
2025-04-02,0.0029
2025-04-03,0.0035
2025-04-04,0.0033
2025-04-07,0.0042
2025-04-08,0.0055
2025-04-09,0.0043
2025-04-10,0.0056
2025-04-11,0.0052
2025-04-14,0.0054
2025-04-15,0.0051
2025-04-16,0.0052
2025-04-17,0.0053
2025-04-18,0.0053
2025-04-21,0.0067
2025-04-22,0.0065
2025-04-23,0.0059
2025-04-24,0.0055
2025-04-25,0.0055
2025-04-28,0.0056
2025-04-29,0.0054
2025-04-30,0.0057
2025-05-01,0.0055
2025-05-02,0.005
2025-05-05,0.0053
2025-05-06,0.0052
2025-05-07,0.0048
2025-05-08,0.0047
2025-05-09,0.0049
2025-05-12,0.0047
2025-05-13,0.0047
2025-05-14,0.0048
2025-05-15,0.0049
2025-05-16,0.0045
2025-05-19,0.0049
2025-05-20,0.0051
2025-05-21,0.0058
2025-05-22,0.0054
2025-05-23,0.0051
2025-05-26,0.0051
2025-05-27,0.0051
2025-05-28,0.0051
2025-05-29,0.0051
2025-05-30,0.0052
2025-06-02,0.0052
2025-06-03,0.005
2025-06-04,0.005
2025-06-05,0.0048
2025-06-06,0.0047
2025-06-09,0.0048
2025-06-10,0.0046
2025-06-11,0.0047
2025-06-12,0.0046
2025-06-13,0.0045
2025-06-16,0.0049
2025-06-17,0.0045
2025-06-18,0.0044
2025-06-19,0.0044
2025-06-20,0.0048
2025-06-23,0.005
2025-06-24,0.0055
2025-06-25,0.0055
2025-06-26,0.0056
2025-06-27,0.0056
2025-06-30,0.0052
2025-07-01,0.0048
2025-07-02,0.0052
2025-07-03,0.0047
2025-07-04,0.0047
2025-07-07,0.005
2025-07-08,0.0052
2025-07-09,0.0048
2025-07-10,0.0049
2025-07-11,0.0053
2025-07-14,0.0053
2025-07-15,0.0055
2025-07-16,0.0058
2025-07-17,0.0056
2025-07-18,0.0056
2025-07-21,0.0053
2025-07-22,0.0052
2025-07-23,0.0052
2025-07-24,0.0052
2025-07-25,0.0049
2025-07-28,0.0051
2025-07-29,0.0048
2025-07-30,0.0044
2025-07-31,0.0043
2025-08-01,0.0054
2025-08-04,0.0053
2025-08-05,0.005
2025-08-06,0.0053
2025-08-07,0.0051
2025-08-08,0.0051
2025-08-11,0.0051
2025-08-12,0.0057
2025-08-13,0.0057
2025-08-14,0.0055
2025-08-15,0.0058
2025-08-18,0.0057
2025-08-19,0.0055
2025-08-20,0.0055
2025-08-21,0.0054
2025-08-22,0.0058
2025-08-25,0.0055
2025-08-26,0.0065
2025-08-27,0.0065
2025-08-28,0.006
2025-08-29,0.0064
2025-09-01,0.0064
2025-09-02,0.0062
2025-09-03,0.0061
2025-09-04,0.0058
2025-09-05,0.0059
2025-09-08,0.0056
2025-09-09,0.0054
2025-09-10,0.005
2025-09-11,0.0049
2025-09-12,0.005
2025-09-15,0.0051
2025-09-16,0.0053
2025-09-17,0.0054
2025-09-18,0.0054
2025-09-19,0.0057
2025-09-22,0.0054
2025-09-23,0.0059
2025-09-24,0.0059
2025-09-25,0.0054
2025-09-26,0.0057
2025-09-29,0.0052
2025-09-30,0.0056
2025-10-01,0.0057
2025-10-02,0.0055
2025-10-03,0.0055
2025-10-06,0.0058
2025-10-07,0.0057
2025-10-08,0.0055
2025-10-09,0.0054
2025-10-10,0.0053
2025-10-13,0.0053
2025-10-14,0.0055
2025-10-15,0.0055
2025-10-16,0.0058
2025-10-17,0.0056
2025-10-20,0.0054
2025-10-21,0.0053
2025-10-22,0.0052
2025-10-23,0.0053
2025-10-24,0.0054
2025-10-27,0.0053
2025-10-28,0.0052
2025-10-29,0.0049
2025-10-30,0.005
