date,vol_bucket,risk_regime
2021-05-19,Mid_Vol,Risk-Off
2021-05-20,High_Vol,Risk-Off
2021-05-21,High_Vol,Risk-Off
2021-05-24,High_Vol,Risk-Off
2021-05-25,High_Vol,Risk-Off
2021-05-26,High_Vol,Risk-Off
2021-05-27,Mid_Vol,Risk-Off
2021-05-28,Mid_Vol,Risk-Off
2021-06-01,Mid_Vol,Risk-Off
2021-06-02,Low_Vol,Risk-Off
2021-06-03,Low_Vol,Risk-Off
2021-06-04,Low_Vol,Risk-Off
2021-06-07,Low_Vol,Risk-Off
2021-06-08,Low_Vol,Risk-Off
2021-06-09,Low_Vol,Risk-Off
2021-06-10,Low_Vol,Risk-Off
2021-06-11,Low_Vol,Risk-Off
2021-06-14,Low_Vol,Risk-Off
2021-06-15,Low_Vol,Risk-Off
2021-06-16,Low_Vol,Risk-Off
2021-06-17,Low_Vol,Risk-Off
2021-06-21,Low_Vol,Risk-Off
2021-06-22,Low_Vol,Risk-Off
2021-06-23,Low_Vol,Risk-Off
2021-06-24,Low_Vol,Risk-Off
2021-06-25,Low_Vol,Risk-Off
2021-06-28,Low_Vol,Risk-Off
2021-06-29,Low_Vol,Risk-Off
2021-06-30,Low_Vol,Risk-Off
2021-07-01,Low_Vol,Risk-Off
2021-07-02,Low_Vol,Risk-Off
2021-07-06,Low_Vol,Risk-Off
2021-07-07,Low_Vol,Risk-Off
2021-07-08,Low_Vol,Risk-Off
2021-07-09,Low_Vol,Risk-Off
2021-07-12,Low_Vol,Risk-Off
2021-07-13,Low_Vol,Risk-Off
2021-07-14,Low_Vol,Risk-Off
2021-07-15,Low_Vol,Risk-Off
2021-07-16,Low_Vol,Risk-Off
2021-07-19,Low_Vol,Risk-Off
2021-07-20,Mid_Vol,Risk-Off
2021-07-21,Mid_Vol,Risk-Off
2021-07-22,Mid_Vol,Risk-Off
2021-07-23,Mid_Vol,Risk-Off
2021-07-26,Mid_Vol,Risk-Off
2021-07-27,Mid_Vol,Risk-Off
2021-07-28,Mid_Vol,Risk-Off
2021-07-29,Mid_Vol,Risk-Off
2021-07-30,Mid_Vol,Risk-Off
2021-08-02,Mid_Vol,Risk-Off
2021-08-03,Mid_Vol,Risk-Off
2021-08-04,Mid_Vol,Risk-Off
2021-08-05,Low_Vol,Risk-Off
2021-08-06,Low_Vol,Risk-Off
2021-08-09,Low_Vol,Risk-Off
2021-08-10,Low_Vol,Risk-Off
2021-08-11,Low_Vol,Risk-Off
2021-08-12,Low_Vol,Risk-Off
2021-08-13,Low_Vol,Risk-Off
2021-08-16,Low_Vol,Risk-Off
2021-08-17,Low_Vol,Risk-Off
2021-08-18,Low_Vol,Risk-Off
2021-08-19,Low_Vol,Risk-Off
2021-08-20,Low_Vol,Risk-Off
2021-08-23,Low_Vol,Risk-Off
2021-08-24,Low_Vol,Risk-Off
2021-08-25,Low_Vol,Risk-Off
2021-08-26,Low_Vol,Risk-Off
2021-08-27,Low_Vol,Risk-Off
2021-08-30,Low_Vol,Risk-Off
2021-08-31,Low_Vol,Risk-Off
2021-09-01,Low_Vol,Risk-Off
2021-09-02,Low_Vol,Risk-Off
2021-09-03,Low_Vol,Risk-Off
2021-09-07,Low_Vol,Risk-Off
2021-09-08,Low_Vol,Risk-Off
2021-09-09,Low_Vol,Risk-Off
2021-09-10,Low_Vol,Risk-Off
2021-09-13,Low_Vol,Risk-Off
2021-09-14,Low_Vol,Risk-Off
2021-09-15,Low_Vol,Risk-Off
2021-09-16,Low_Vol,Risk-Off
2021-09-17,Low_Vol,Risk-Off
2021-09-20,Low_Vol,Risk-Off
2021-09-21,Low_Vol,Risk-Off
2021-09-22,Mid_Vol,Risk-Off
2021-09-23,Mid_Vol,Risk-Off
2021-09-24,Mid_Vol,Risk-Off
2021-09-27,Mid_Vol,Risk-Off
2021-09-28,Mid_Vol,Risk-Off
2021-09-29,Mid_Vol,Risk-Off
2021-09-30,Mid_Vol,Risk-Off
2021-10-01,High_Vol,Risk-Off
2021-10-04,High_Vol,Risk-Off
2021-10-05,High_Vol,Risk-Off
2021-10-06,High_Vol,Risk-Off
2021-10-07,High_Vol,Risk-Off
2021-10-08,Mid_Vol,Risk-Off
2021-10-12,Mid_Vol,Risk-Off
2021-10-13,Mid_Vol,Risk-On
2021-10-14,High_Vol,Risk-On
2021-10-15,High_Vol,Risk-Off
2021-10-18,Mid_Vol,Risk-Off
2021-10-19,Mid_Vol,Risk-Off
2021-10-20,Mid_Vol,Risk-Off
2021-10-21,Mid_Vol,Risk-Off
2021-10-22,Mid_Vol,Risk-Off
2021-10-25,Mid_Vol,Risk-Off
2021-10-26,Low_Vol,Risk-Off
2021-10-27,Low_Vol,Risk-Off
2021-10-28,Mid_Vol,Risk-Off
2021-10-29,Mid_Vol,Risk-Off
2021-11-01,Low_Vol,Risk-Off
2021-11-02,Low_Vol,Risk-Off
2021-11-03,Low_Vol,Risk-Off
2021-11-04,Low_Vol,Risk-Off
2021-11-05,Low_Vol,Risk-Off
2021-11-08,Low_Vol,Risk-Off
2021-11-09,Low_Vol,Risk-Off
2021-11-10,Low_Vol,Risk-Off
2021-11-12,Low_Vol,Risk-Off
2021-11-15,Low_Vol,Risk-Off
2021-11-16,Low_Vol,Risk-Off
2021-11-17,Low_Vol,Risk-Off
2021-11-18,Low_Vol,Risk-Off
2021-11-19,Low_Vol,Risk-Off
2021-11-22,Low_Vol,Risk-Off
2021-11-23,Low_Vol,Risk-Off
2021-11-24,Low_Vol,Risk-Off
2021-11-26,Mid_Vol,Risk-Off
2021-11-29,Mid_Vol,Risk-Off
2021-11-30,Mid_Vol,Risk-Off
2021-12-01,Mid_Vol,Risk-Off
2021-12-02,High_Vol,Risk-Off
2021-12-03,High_Vol,Risk-Off
2021-12-06,High_Vol,Risk-Off
2021-12-07,High_Vol,Risk-Off
2021-12-08,High_Vol,Risk-Off
2021-12-09,High_Vol,Risk-Off
2021-12-10,High_Vol,Risk-Off
2021-12-13,High_Vol,Risk-Off
2021-12-14,High_Vol,Risk-Off
2021-12-15,High_Vol,Risk-Off
2021-12-16,High_Vol,Risk-Off
2021-12-17,High_Vol,Risk-Off
2021-12-20,High_Vol,Risk-Off
2021-12-21,High_Vol,Risk-Off
2021-12-22,High_Vol,Risk-Off
2021-12-23,High_Vol,Risk-Off
2021-12-27,High_Vol,Risk-Off
2021-12-28,High_Vol,Risk-Off
2021-12-29,High_Vol,Risk-Off
2021-12-30,Mid_Vol,Risk-Off
2022-01-03,Mid_Vol,Risk-Off
2022-01-04,Mid_Vol,Risk-Off
2022-01-05,Mid_Vol,Risk-Off
2022-01-06,Mid_Vol,Risk-Off
2022-01-07,Mid_Vol,Risk-Off
2022-01-10,Low_Vol,Risk-Off
2022-01-11,Mid_Vol,Risk-Off
2022-01-12,Mid_Vol,Risk-Off
2022-01-13,Mid_Vol,Risk-Off
2022-01-14,Mid_Vol,Risk-Off
2022-01-18,Mid_Vol,Risk-Off
2022-01-19,Mid_Vol,Risk-Off
2022-01-20,Mid_Vol,Risk-Off
2022-01-21,High_Vol,Risk-Off
2022-01-24,High_Vol,Risk-Off
2022-01-25,High_Vol,Risk-Off
2022-01-26,High_Vol,Risk-Off
2022-01-27,High_Vol,Risk-Off
2022-01-28,High_Vol,Risk-Off
2022-01-31,High_Vol,Risk-Off
2022-02-01,High_Vol,Risk-Off
2022-02-02,High_Vol,Risk-On
2022-02-03,High_Vol,Risk-Off
2022-02-04,High_Vol,Risk-On
2022-02-07,High_Vol,Risk-Off
2022-02-08,High_Vol,Risk-Off
2022-02-09,High_Vol,Risk-On
2022-02-10,High_Vol,Neutral
2022-02-11,High_Vol,Risk-Off
2022-02-14,High_Vol,Risk-Off
2022-02-15,High_Vol,Risk-Off
2022-02-16,High_Vol,Risk-Off
2022-02-17,High_Vol,Risk-Off
2022-02-18,High_Vol,Risk-Off
2022-02-22,High_Vol,Risk-Off
2022-02-23,High_Vol,Risk-Off
2022-02-24,High_Vol,Risk-Off
2022-02-25,High_Vol,Risk-Off
2022-02-28,High_Vol,Risk-Off
2022-03-01,High_Vol,Risk-Off
2022-03-02,High_Vol,Risk-Off
2022-03-03,High_Vol,Risk-Off
2022-03-04,High_Vol,Risk-Off
2022-03-07,High_Vol,Risk-Off
2022-03-08,High_Vol,Risk-Off
2022-03-09,High_Vol,Risk-Off
2022-03-10,High_Vol,Risk-Off
2022-03-11,High_Vol,Risk-Off
2022-03-14,High_Vol,Risk-Off
2022-03-15,High_Vol,Risk-Off
2022-03-16,High_Vol,Risk-Off
2022-03-17,High_Vol,Risk-On
2022-03-18,High_Vol,Risk-On
2022-03-21,High_Vol,Neutral
2022-03-22,High_Vol,Risk-Off
2022-03-23,High_Vol,Risk-Off
2022-03-24,High_Vol,Risk-Off
2022-03-25,High_Vol,Risk-Off
2022-03-28,High_Vol,Risk-Off
2022-03-29,High_Vol,Risk-Off
2022-03-30,High_Vol,Risk-Off
2022-03-31,High_Vol,Risk-Off
2022-04-01,High_Vol,Risk-On
2022-04-04,High_Vol,Risk-Off
2022-04-05,High_Vol,Risk-Off
2022-04-06,High_Vol,Risk-Off
2022-04-07,High_Vol,Risk-Off
2022-04-08,High_Vol,Risk-Off
2022-04-11,High_Vol,Risk-Off
2022-04-12,High_Vol,Risk-Off
2022-04-13,Mid_Vol,Risk-Off
2022-04-14,High_Vol,Risk-Off
2022-04-15,High_Vol,Risk-Off
2022-04-18,Mid_Vol,Risk-Off
2022-04-19,High_Vol,Risk-Off
2022-04-20,Mid_Vol,Risk-Off
2022-04-21,High_Vol,Risk-Off
2022-04-22,High_Vol,Risk-Off
2022-04-25,High_Vol,Risk-Off
2022-04-26,High_Vol,Risk-Off
2022-04-27,High_Vol,Risk-Off
2022-04-28,High_Vol,Risk-Off
2022-04-29,High_Vol,Risk-Off
2022-05-02,High_Vol,Risk-Off
2022-05-03,High_Vol,Risk-Off
2022-05-04,High_Vol,Risk-Off
2022-05-05,High_Vol,Risk-Off
2022-05-06,High_Vol,Risk-Off
2022-05-09,High_Vol,Risk-Off
2022-05-10,High_Vol,Risk-Off
2022-05-11,High_Vol,Risk-Off
2022-05-12,High_Vol,Risk-Off
2022-05-13,High_Vol,Risk-Off
2022-05-16,High_Vol,Risk-Off
2022-05-17,High_Vol,Risk-Off
2022-05-18,High_Vol,Risk-Off
2022-05-19,High_Vol,Risk-Off
2022-05-20,High_Vol,Risk-Off
2022-05-23,High_Vol,Risk-Off
2022-05-24,High_Vol,Risk-Off
2022-05-25,High_Vol,Risk-On
2022-05-26,High_Vol,Risk-On
2022-05-27,High_Vol,Risk-On
2022-05-31,High_Vol,Neutral
2022-06-01,High_Vol,Neutral
2022-06-02,High_Vol,Risk-On
2022-06-03,High_Vol,Risk-Off
2022-06-06,High_Vol,Risk-Off
2022-06-07,High_Vol,Risk-On
2022-06-08,High_Vol,Neutral
2022-06-09,High_Vol,Risk-Off
2022-06-10,High_Vol,Risk-Off
2022-06-13,High_Vol,Risk-Off
2022-06-14,High_Vol,Risk-Off
2022-06-15,High_Vol,Risk-Off
2022-06-16,High_Vol,Risk-Off
2022-06-17,High_Vol,Risk-Off
2022-06-21,High_Vol,Risk-Off
2022-06-22,High_Vol,Risk-Off
2022-06-23,High_Vol,Risk-Off
2022-06-24,High_Vol,Risk-On
2022-06-27,High_Vol,Neutral
2022-06-28,High_Vol,Neutral
2022-06-29,High_Vol,Neutral
2022-06-30,High_Vol,Risk-Off
2022-07-01,High_Vol,Risk-Off
2022-07-05,High_Vol,Risk-On
2022-07-06,High_Vol,Risk-On
2022-07-07,High_Vol,Risk-On
2022-07-08,High_Vol,Risk-Off
2022-07-11,High_Vol,Risk-Off
2022-07-12,High_Vol,Risk-Off
2022-07-13,High_Vol,Risk-Off
2022-07-14,Mid_Vol,Risk-Off
2022-07-15,High_Vol,Risk-Off
2022-07-18,Mid_Vol,Risk-Off
2022-07-19,High_Vol,Risk-Off
2022-07-20,High_Vol,Risk-On
2022-07-21,High_Vol,Risk-Off
2022-07-22,High_Vol,Neutral
2022-07-25,High_Vol,Risk-On
2022-07-26,High_Vol,Risk-Off
2022-07-27,High_Vol,Risk-On
2022-07-28,High_Vol,Risk-On
2022-07-29,High_Vol,Risk-Off
2022-08-01,High_Vol,Neutral
2022-08-02,High_Vol,Neutral
2022-08-03,High_Vol,Risk-Off
2022-08-04,High_Vol,Risk-Off
2022-08-05,High_Vol,Risk-Off
2022-08-08,High_Vol,Risk-Off
2022-08-09,High_Vol,Risk-Off
2022-08-10,High_Vol,Risk-Off
2022-08-11,High_Vol,Risk-Off
2022-08-12,High_Vol,Risk-Off
2022-08-15,High_Vol,Risk-Off
2022-08-16,High_Vol,Risk-Off
2022-08-17,Mid_Vol,Risk-Off
2022-08-18,Mid_Vol,Risk-Off
2022-08-19,Mid_Vol,Risk-Off
2022-08-22,High_Vol,Risk-Off
2022-08-23,High_Vol,Risk-Off
2022-08-24,High_Vol,Risk-Off
2022-08-25,High_Vol,Risk-Off
2022-08-26,High_Vol,Risk-Off
2022-08-29,High_Vol,Risk-Off
2022-08-30,High_Vol,Risk-Off
2022-08-31,High_Vol,Risk-Off
2022-09-01,High_Vol,Risk-Off
2022-09-02,High_Vol,Risk-Off
2022-09-06,High_Vol,Risk-Off
2022-09-07,High_Vol,Risk-Off
2022-09-08,High_Vol,Risk-Off
2022-09-09,High_Vol,Risk-Off
2022-09-12,High_Vol,Risk-Off
2022-09-13,High_Vol,Risk-Off
2022-09-14,High_Vol,Risk-Off
2022-09-15,High_Vol,Risk-Off
2022-09-16,High_Vol,Risk-Off
2022-09-19,High_Vol,Risk-Off
2022-09-20,High_Vol,Risk-Off
2022-09-21,High_Vol,Risk-Off
2022-09-22,High_Vol,Risk-Off
2022-09-23,High_Vol,Risk-Off
2022-09-26,High_Vol,Risk-Off
2022-09-27,High_Vol,Risk-Off
2022-09-28,High_Vol,Risk-Off
2022-09-29,High_Vol,Risk-Off
2022-09-30,High_Vol,Risk-Off
2022-10-03,High_Vol,Risk-Off
2022-10-04,High_Vol,Risk-On
2022-10-05,High_Vol,Neutral
2022-10-06,High_Vol,Neutral
2022-10-07,High_Vol,Risk-Off
2022-10-11,High_Vol,Risk-Off
2022-10-12,High_Vol,Risk-Off
2022-10-13,High_Vol,Risk-Off
2022-10-14,High_Vol,Risk-Off
2022-10-17,High_Vol,Risk-On
2022-10-18,High_Vol,Risk-Off
2022-10-19,High_Vol,Risk-Off
2022-10-20,High_Vol,Risk-Off
2022-10-21,High_Vol,Risk-On
2022-10-24,High_Vol,Risk-On
2022-10-25,High_Vol,Risk-On
2022-10-26,High_Vol,Neutral
2022-10-27,High_Vol,Neutral
2022-10-28,High_Vol,Risk-On
2022-10-31,High_Vol,Neutral
2022-11-01,High_Vol,Risk-Off
2022-11-02,High_Vol,Risk-Off
2022-11-03,High_Vol,Risk-Off
2022-11-04,High_Vol,Risk-Off
2022-11-07,High_Vol,Risk-Off
2022-11-08,High_Vol,Risk-Off
2022-11-09,High_Vol,Risk-Off
2022-11-10,High_Vol,Risk-Off
2022-11-14,High_Vol,Risk-Off
2022-11-15,High_Vol,Risk-Off
2022-11-16,High_Vol,Risk-Off
2022-11-17,High_Vol,Risk-Off
2022-11-18,High_Vol,Risk-Off
2022-11-21,High_Vol,Risk-Off
2022-11-22,High_Vol,Risk-Off
2022-11-23,High_Vol,Risk-Off
2022-11-25,High_Vol,Risk-Off
2022-11-28,High_Vol,Risk-Off
2022-11-29,High_Vol,Risk-Off
2022-11-30,High_Vol,Risk-Off
2022-12-01,High_Vol,Risk-Off
2022-12-02,High_Vol,Risk-Off
2022-12-05,High_Vol,Risk-Off
2022-12-06,High_Vol,Risk-Off
2022-12-07,High_Vol,Risk-Off
2022-12-08,High_Vol,Risk-Off
2022-12-09,High_Vol,Risk-Off
2022-12-12,High_Vol,Risk-Off
2022-12-13,High_Vol,Risk-Off
2022-12-14,High_Vol,Risk-Off
2022-12-15,High_Vol,Risk-Off
2022-12-16,High_Vol,Risk-Off
2022-12-19,High_Vol,Risk-Off
2022-12-20,High_Vol,Risk-Off
2022-12-21,High_Vol,Risk-Off
2022-12-22,High_Vol,Risk-Off
2022-12-23,High_Vol,Risk-Off
2022-12-27,High_Vol,Risk-Off
2022-12-28,High_Vol,Risk-Off
2022-12-29,High_Vol,Risk-Off
2022-12-30,High_Vol,Risk-Off
2023-01-03,Mid_Vol,Risk-Off
2023-01-04,Mid_Vol,Risk-Off
2023-01-05,Mid_Vol,Risk-Off
2023-01-06,High_Vol,Risk-On
2023-01-09,High_Vol,Neutral
2023-01-10,Mid_Vol,Risk-On
2023-01-11,High_Vol,Risk-On
2023-01-12,High_Vol,Risk-Off
2023-01-13,High_Vol,Risk-Off
2023-01-17,Mid_Vol,Risk-Off
2023-01-18,Mid_Vol,Risk-Off
2023-01-19,Mid_Vol,Risk-Off
2023-01-20,High_Vol,Risk-Off
2023-01-23,High_Vol,Risk-Off
2023-01-24,High_Vol,Risk-Off
2023-01-25,High_Vol,Risk-Off
2023-01-26,Mid_Vol,Risk-On
2023-01-27,Mid_Vol,Risk-Off
2023-01-30,Mid_Vol,Risk-Off
2023-01-31,Mid_Vol,Risk-Off
2023-02-01,High_Vol,Risk-Off
2023-02-02,High_Vol,Risk-Off
2023-02-03,High_Vol,Risk-Off
2023-02-06,High_Vol,Risk-Off
2023-02-07,High_Vol,Risk-Off
2023-02-08,High_Vol,Risk-Off
2023-02-09,High_Vol,Risk-Off
2023-02-10,Mid_Vol,Risk-Off
2023-02-13,High_Vol,Risk-Off
2023-02-14,High_Vol,Risk-Off
2023-02-15,High_Vol,Risk-Off
2023-02-16,High_Vol,Risk-Off
2023-02-17,High_Vol,Risk-Off
2023-02-21,High_Vol,Risk-Off
2023-02-22,Mid_Vol,Risk-Off
2023-02-23,Mid_Vol,Risk-Off
2023-02-24,Mid_Vol,Risk-Off
2023-02-27,Mid_Vol,Risk-Off
2023-02-28,Mid_Vol,Risk-Off
2023-03-01,Mid_Vol,Risk-Off
2023-03-02,Mid_Vol,Risk-Off
2023-03-03,Mid_Vol,Risk-Off
2023-03-06,Mid_Vol,Risk-Off
2023-03-07,Mid_Vol,Risk-Off
2023-03-08,Mid_Vol,Risk-Off
2023-03-09,High_Vol,Risk-Off
2023-03-10,High_Vol,Risk-Off
2023-03-13,Mid_Vol,Risk-Off
2023-03-14,High_Vol,Risk-Off
2023-03-15,High_Vol,Risk-Off
2023-03-16,High_Vol,Risk-Off
2023-03-17,High_Vol,Risk-Off
2023-03-20,High_Vol,Risk-Off
2023-03-21,High_Vol,Risk-Off
2023-03-22,High_Vol,Risk-Off
2023-03-23,High_Vol,Risk-Off
2023-03-24,High_Vol,Risk-On
2023-03-27,High_Vol,Risk-On
2023-03-28,High_Vol,Risk-Off
2023-03-29,High_Vol,Risk-Off
2023-03-30,High_Vol,Risk-On
2023-03-31,High_Vol,Risk-Off
2023-04-03,High_Vol,Risk-Off
2023-04-04,Mid_Vol,Risk-Off
2023-04-05,Mid_Vol,Neutral
2023-04-06,Mid_Vol,Risk-Off
2023-04-07,Mid_Vol,Risk-Off
2023-04-10,Low_Vol,Risk-Off
2023-04-11,Low_Vol,Risk-On
2023-04-12,Low_Vol,Neutral
2023-04-13,Mid_Vol,Risk-Off
2023-04-14,Mid_Vol,Risk-Off
2023-04-17,Low_Vol,Risk-Off
2023-04-18,Low_Vol,Risk-Off
2023-04-19,Low_Vol,Risk-Off
2023-04-20,Low_Vol,Risk-Off
2023-04-21,Low_Vol,Risk-Off
2023-04-24,Low_Vol,Risk-Off
2023-04-25,Low_Vol,Risk-Off
2023-04-26,Low_Vol,Risk-Off
2023-04-27,Mid_Vol,Risk-Off
2023-04-28,Mid_Vol,Risk-Off
2023-05-01,Mid_Vol,Risk-Off
2023-05-02,Mid_Vol,Risk-Off
2023-05-03,Mid_Vol,Risk-Off
2023-05-04,Mid_Vol,Risk-Off
2023-05-05,Mid_Vol,Risk-Off
2023-05-08,Mid_Vol,Risk-Off
2023-05-09,Mid_Vol,Risk-Off
2023-05-10,Mid_Vol,Risk-Off
2023-05-11,Mid_Vol,Risk-Off
2023-05-12,Mid_Vol,Risk-Off
2023-05-15,Mid_Vol,Risk-Off
2023-05-16,Mid_Vol,Risk-Off
2023-05-17,Mid_Vol,Risk-Off
2023-05-18,Mid_Vol,Risk-Off
2023-05-19,Mid_Vol,Risk-Off
2023-05-22,Mid_Vol,Risk-Off
2023-05-23,Mid_Vol,Risk-Off
2023-05-24,Mid_Vol,Risk-Off
2023-05-25,Low_Vol,Risk-Off
2023-05-26,Mid_Vol,Risk-Off
2023-05-30,Mid_Vol,Risk-Off
2023-05-31,Mid_Vol,Risk-Off
2023-06-01,Mid_Vol,Risk-Off
2023-06-02,Mid_Vol,Risk-Off
2023-06-05,Mid_Vol,Risk-Off
2023-06-06,Mid_Vol,Risk-Off
2023-06-07,Mid_Vol,Risk-Off
2023-06-08,Mid_Vol,Risk-Off
2023-06-09,Mid_Vol,Risk-Off
2023-06-12,Mid_Vol,Risk-Off
2023-06-13,Mid_Vol,Risk-Off
2023-06-14,Mid_Vol,Risk-Off
2023-06-15,Mid_Vol,Risk-Off
2023-06-16,Mid_Vol,Risk-Off
2023-06-20,Mid_Vol,Risk-Off
2023-06-21,Low_Vol,Risk-Off
2023-06-22,Low_Vol,Risk-Off
2023-06-23,Low_Vol,Risk-Off
2023-06-26,Low_Vol,Risk-Off
2023-06-27,Low_Vol,Risk-Off
2023-06-28,Low_Vol,Risk-Off
2023-06-29,Low_Vol,Risk-Off
2023-06-30,Low_Vol,Risk-Off
2023-07-03,Low_Vol,Risk-Off
2023-07-05,Low_Vol,Risk-Off
2023-07-06,Low_Vol,Risk-Off
2023-07-07,Low_Vol,Risk-Off
2023-07-10,Low_Vol,Risk-Off
2023-07-11,Low_Vol,Risk-Off
2023-07-12,Low_Vol,Risk-Off
2023-07-13,Low_Vol,Risk-Off
2023-07-14,Low_Vol,Risk-Off
2023-07-17,Low_Vol,Risk-Off
2023-07-18,Low_Vol,Risk-Off
2023-07-19,Low_Vol,Risk-Off
2023-07-20,Low_Vol,Risk-Off
2023-07-21,Low_Vol,Risk-Off
2023-07-24,Low_Vol,Risk-Off
2023-07-25,Low_Vol,Risk-Off
2023-07-26,Low_Vol,Risk-Off
2023-07-27,Low_Vol,Risk-Off
2023-07-28,Low_Vol,Risk-Off
2023-07-31,Low_Vol,Risk-Off
2023-08-01,Low_Vol,Risk-Off
2023-08-02,Low_Vol,Risk-Off
2023-08-03,Low_Vol,Risk-Off
2023-08-04,Low_Vol,Risk-Off
2023-08-07,Low_Vol,Risk-Off
2023-08-08,Low_Vol,Risk-Off
2023-08-09,Low_Vol,Risk-Off
2023-08-10,Low_Vol,Risk-Off
2023-08-11,Low_Vol,Risk-Off
2023-08-14,Low_Vol,Risk-Off
2023-08-15,Mid_Vol,Risk-Off
2023-08-16,Mid_Vol,Risk-Off
2023-08-17,Mid_Vol,Risk-Off
2023-08-18,Mid_Vol,Risk-Off
2023-08-21,Mid_Vol,Risk-Off
2023-08-22,Low_Vol,Risk-Off
2023-08-23,Low_Vol,Risk-Off
2023-08-24,Mid_Vol,Risk-Off
2023-08-25,Mid_Vol,Risk-Off
2023-08-28,Mid_Vol,Risk-Off
2023-08-29,Mid_Vol,Risk-Off
2023-08-30,Mid_Vol,Risk-Off
2023-08-31,Mid_Vol,Risk-Off
2023-09-01,Mid_Vol,Risk-Off
2023-09-05,Mid_Vol,Risk-Off
2023-09-06,Mid_Vol,Risk-Off
2023-09-07,Mid_Vol,Risk-Off
2023-09-08,Mid_Vol,Risk-Off
2023-09-11,Mid_Vol,Risk-Off
2023-09-12,Mid_Vol,Risk-Off
2023-09-13,Low_Vol,Risk-Off
2023-09-14,Low_Vol,Risk-On
2023-09-15,Low_Vol,Risk-Off
2023-09-18,Low_Vol,Risk-Off
2023-09-19,Low_Vol,Risk-Off
2023-09-20,Low_Vol,Risk-Off
2023-09-21,Mid_Vol,Risk-Off
2023-09-22,Mid_Vol,Risk-Off
2023-09-25,Mid_Vol,Risk-Off
2023-09-26,Mid_Vol,Risk-Off
2023-09-27,Mid_Vol,Risk-Off
2023-09-28,Mid_Vol,Risk-Off
2023-09-29,Mid_Vol,Risk-Off
2023-10-02,Mid_Vol,Risk-Off
2023-10-03,Mid_Vol,Risk-Off
2023-10-04,Mid_Vol,Risk-Off
2023-10-05,Mid_Vol,Risk-Off
2023-10-06,Mid_Vol,Risk-Off
2023-10-10,Mid_Vol,Risk-On
2023-10-11,Mid_Vol,Risk-On
2023-10-12,Mid_Vol,Neutral
2023-10-13,Low_Vol,Neutral
2023-10-16,Mid_Vol,Risk-Off
2023-10-17,Mid_Vol,Neutral
2023-10-18,Mid_Vol,Risk-Off
2023-10-19,Mid_Vol,Risk-Off
2023-10-20,Mid_Vol,Risk-Off
2023-10-23,Mid_Vol,Risk-Off
2023-10-24,Mid_Vol,Risk-Off
2023-10-25,Mid_Vol,Risk-Off
2023-10-26,Mid_Vol,Risk-Off
2023-10-27,Mid_Vol,Risk-Off
2023-10-30,Mid_Vol,Risk-Off
2023-10-31,Mid_Vol,Risk-Off
2023-11-01,Mid_Vol,Risk-Off
2023-11-02,High_Vol,Risk-On
2023-11-03,High_Vol,Risk-On
2023-11-06,High_Vol,Risk-On
2023-11-07,High_Vol,Risk-On
2023-11-08,Mid_Vol,Risk-On
2023-11-09,Mid_Vol,Neutral
2023-11-13,High_Vol,Risk-On
2023-11-14,High_Vol,Risk-Off
2023-11-15,High_Vol,Risk-Off
2023-11-16,High_Vol,Risk-Off
2023-11-17,Mid_Vol,Risk-Off
2023-11-20,Mid_Vol,Risk-Off
2023-11-21,Mid_Vol,Risk-Off
2023-11-22,Mid_Vol,Risk-Off
2023-11-24,Mid_Vol,Risk-Off
2023-11-27,Mid_Vol,Risk-Off
2023-11-28,Mid_Vol,Risk-Off
2023-11-29,Mid_Vol,Risk-Off
2023-11-30,Mid_Vol,Risk-Off
2023-12-01,Low_Vol,Risk-Off
2023-12-04,Low_Vol,Risk-Off
2023-12-05,Low_Vol,Risk-Off
2023-12-06,Low_Vol,Risk-Off
2023-12-07,Low_Vol,Risk-Off
2023-12-08,Low_Vol,Risk-Off
2023-12-11,Low_Vol,Risk-Off
2023-12-12,Low_Vol,Risk-Off
2023-12-13,Low_Vol,Risk-Off
2023-12-14,Low_Vol,Risk-Off
2023-12-15,Low_Vol,Risk-Off
2023-12-18,Low_Vol,Risk-Off
2023-12-19,Low_Vol,Risk-Off
2023-12-20,Mid_Vol,Risk-Off
2023-12-21,Mid_Vol,Risk-Off
2023-12-22,Mid_Vol,Risk-Off
2023-12-26,Mid_Vol,Risk-Off
2023-12-27,Low_Vol,Risk-Off
2023-12-28,Low_Vol,Risk-Off
2023-12-29,Low_Vol,Risk-Off
2024-01-02,Low_Vol,Risk-Off
2024-01-03,Low_Vol,Risk-Off
2024-01-04,Low_Vol,Risk-Off
2024-01-05,Low_Vol,Risk-Off
2024-01-08,Low_Vol,Risk-Off
2024-01-09,Low_Vol,Risk-Off
2024-01-10,Low_Vol,Risk-Off
2024-01-11,Low_Vol,Risk-Off
2024-01-12,Low_Vol,Risk-Off
2024-01-16,Low_Vol,Risk-Off
2024-01-17,Low_Vol,Risk-Off
2024-01-18,Low_Vol,Risk-Off
2024-01-19,Low_Vol,Risk-Off
2024-01-22,Low_Vol,Risk-Off
2024-01-23,Low_Vol,Risk-Off
2024-01-24,Low_Vol,Risk-Off
2024-01-25,Low_Vol,Risk-Off
2024-01-26,Low_Vol,Risk-Off
2024-01-29,Low_Vol,Risk-Off
2024-01-30,Low_Vol,Risk-Off
2024-01-31,Mid_Vol,Risk-Off
2024-02-01,Mid_Vol,Risk-Off
2024-02-02,Mid_Vol,Risk-Off
2024-02-05,Mid_Vol,Risk-Off
2024-02-06,Mid_Vol,Risk-Off
2024-02-07,Mid_Vol,Risk-Off
2024-02-08,Mid_Vol,Risk-Off
2024-02-09,Mid_Vol,Risk-Off
2024-02-12,Mid_Vol,Risk-Off
2024-02-13,Mid_Vol,Risk-Off
2024-02-14,Mid_Vol,Risk-Off
2024-02-15,Mid_Vol,Risk-Off
2024-02-16,Mid_Vol,Risk-Off
2024-02-20,Mid_Vol,Risk-Off
2024-02-21,Low_Vol,Risk-Off
2024-02-22,Mid_Vol,Risk-Off
2024-02-23,Mid_Vol,Risk-Off
2024-02-26,Mid_Vol,Risk-Off
2024-02-27,Mid_Vol,Risk-Off
2024-02-28,Mid_Vol,Risk-Off
2024-02-29,Mid_Vol,Risk-Off
2024-03-01,Mid_Vol,Risk-Off
2024-03-04,Mid_Vol,Risk-Off
2024-03-05,Mid_Vol,Risk-Off
2024-03-06,Mid_Vol,Risk-Off
2024-03-07,Mid_Vol,Risk-Off
2024-03-08,Mid_Vol,Risk-Off
2024-03-11,Mid_Vol,Risk-Off
2024-03-12,Mid_Vol,Risk-Off
2024-03-13,Low_Vol,Risk-Off
2024-03-14,Low_Vol,Risk-Off
2024-03-15,Low_Vol,Risk-Off
2024-03-18,Low_Vol,Risk-Off
2024-03-19,Low_Vol,Risk-Off
2024-03-20,Mid_Vol,Risk-Off
2024-03-21,Low_Vol,Risk-Off
2024-03-22,Low_Vol,Risk-Off
2024-03-25,Low_Vol,Risk-Off
2024-03-26,Low_Vol,Risk-Off
2024-03-27,Low_Vol,Risk-Off
2024-03-28,Low_Vol,Risk-Off
2024-03-29,Low_Vol,Risk-Off
2024-04-01,Low_Vol,Risk-Off
2024-04-02,Low_Vol,Risk-Off
2024-04-03,Low_Vol,Risk-Off
2024-04-04,Low_Vol,Risk-Off
2024-04-05,Low_Vol,Risk-Off
2024-04-08,Low_Vol,Risk-Off
2024-04-09,Low_Vol,Risk-Off
2024-04-10,Low_Vol,Risk-Off
2024-04-11,Low_Vol,Risk-Off
2024-04-12,Mid_Vol,Risk-Off
2024-04-15,Mid_Vol,Risk-Off
2024-04-16,Mid_Vol,Risk-Off
2024-04-17,Mid_Vol,Risk-Off
2024-04-18,Mid_Vol,Risk-Off
2024-04-19,Mid_Vol,Risk-Off
2024-04-22,Mid_Vol,Risk-Off
2024-04-23,Mid_Vol,Risk-Off
2024-04-24,Mid_Vol,Risk-Off
2024-04-25,Mid_Vol,Risk-Off
2024-04-26,Mid_Vol,Risk-Off
2024-04-29,Mid_Vol,Risk-Off
2024-04-30,Mid_Vol,Risk-Off
2024-05-01,Mid_Vol,Risk-Off
2024-05-02,Mid_Vol,Risk-On
2024-05-03,Mid_Vol,Risk-Off
2024-05-06,Mid_Vol,Risk-Off
2024-05-07,Mid_Vol,Risk-Off
2024-05-08,Mid_Vol,Risk-Off
2024-05-09,Mid_Vol,Risk-Off
2024-05-10,Mid_Vol,Risk-Off
2024-05-13,Mid_Vol,Risk-Off
2024-05-14,Mid_Vol,Risk-Off
2024-05-15,Mid_Vol,Risk-Off
2024-05-16,Mid_Vol,Risk-Off
2024-05-17,Mid_Vol,Risk-Off
2024-05-20,Low_Vol,Risk-Off
2024-05-21,Low_Vol,Risk-Off
2024-05-22,Low_Vol,Risk-Off
2024-05-23,Low_Vol,Risk-Off
2024-05-24,Low_Vol,Risk-Off
2024-05-28,Low_Vol,Risk-Off
2024-05-29,Low_Vol,Risk-Off
2024-05-30,Low_Vol,Risk-Off
2024-05-31,Low_Vol,Risk-Off
2024-06-03,Low_Vol,Risk-Off
2024-06-04,Low_Vol,Risk-Off
2024-06-05,Low_Vol,Risk-Off
2024-06-06,Low_Vol,Risk-Off
2024-06-07,Low_Vol,Risk-Off
2024-06-10,Low_Vol,Risk-Off
2024-06-11,Low_Vol,Risk-Off
2024-06-12,Low_Vol,Risk-Off
2024-06-13,Low_Vol,Risk-Off
2024-06-14,Low_Vol,Risk-Off
2024-06-17,Low_Vol,Risk-Off
2024-06-18,Low_Vol,Risk-Off
2024-06-20,Low_Vol,Risk-Off
2024-06-21,Low_Vol,Risk-Off
2024-06-24,Low_Vol,Risk-Off
2024-06-25,Low_Vol,Risk-Off
2024-06-26,Low_Vol,Risk-Off
2024-06-27,Low_Vol,Risk-Off
2024-06-28,Low_Vol,Risk-Off
2024-07-01,Low_Vol,Risk-Off
2024-07-02,Low_Vol,Risk-Off
2024-07-03,Low_Vol,Risk-Off
2024-07-05,Low_Vol,Risk-Off
2024-07-08,Low_Vol,Risk-Off
2024-07-09,Low_Vol,Risk-Off
2024-07-10,Low_Vol,Risk-Off
2024-07-11,Low_Vol,Risk-Off
2024-07-12,Low_Vol,Risk-Off
2024-07-15,Low_Vol,Risk-Off
2024-07-16,Low_Vol,Risk-Off
2024-07-17,Low_Vol,Risk-Off
2024-07-18,Low_Vol,Risk-Off
2024-07-19,Mid_Vol,Risk-Off
2024-07-22,Mid_Vol,Risk-Off
2024-07-23,Mid_Vol,Risk-Off
2024-07-24,Mid_Vol,Risk-Off
2024-07-25,Mid_Vol,Risk-Off
2024-07-26,Mid_Vol,Risk-Off
2024-07-29,Mid_Vol,Risk-Off
2024-07-30,Mid_Vol,Risk-Off
2024-07-31,High_Vol,Risk-Off
2024-08-01,High_Vol,Risk-Off
2024-08-02,High_Vol,Risk-Off
2024-08-05,High_Vol,Risk-Off
2024-08-06,High_Vol,Risk-Off
2024-08-07,High_Vol,Risk-Off
2024-08-08,High_Vol,Risk-Off
2024-08-09,High_Vol,Risk-Off
2024-08-12,High_Vol,Risk-Off
2024-08-13,High_Vol,Risk-Off
2024-08-14,High_Vol,Risk-Off
2024-08-15,High_Vol,Risk-Off
2024-08-16,High_Vol,Risk-Off
2024-08-19,High_Vol,Risk-Off
2024-08-20,High_Vol,Risk-Off
2024-08-21,High_Vol,Risk-Off
2024-08-22,High_Vol,Risk-Off
2024-08-23,High_Vol,Risk-Off
2024-08-26,High_Vol,Risk-Off
2024-08-27,High_Vol,Risk-Off
2024-08-28,Mid_Vol,Risk-Off
2024-08-29,Mid_Vol,Risk-Off
2024-08-30,Mid_Vol,Risk-Off
2024-09-03,Mid_Vol,Risk-Off
2024-09-04,Mid_Vol,Risk-Off
2024-09-05,Mid_Vol,Risk-Off
2024-09-06,Mid_Vol,Risk-Off
2024-09-09,Mid_Vol,Risk-Off
2024-09-10,Mid_Vol,Risk-Off
2024-09-11,Mid_Vol,Risk-Off
2024-09-12,Mid_Vol,Risk-Off
2024-09-13,Mid_Vol,Risk-Off
2024-09-16,Mid_Vol,Risk-Off
2024-09-17,Mid_Vol,Risk-Off
2024-09-18,Mid_Vol,Risk-Off
2024-09-19,High_Vol,Risk-Off
2024-09-20,High_Vol,Risk-Off
2024-09-23,Mid_Vol,Risk-Off
2024-09-24,Mid_Vol,Risk-Off
2024-09-25,Mid_Vol,Risk-Off
2024-09-26,Mid_Vol,Risk-Off
2024-09-27,Low_Vol,Risk-Off
2024-09-30,Low_Vol,Risk-Off
2024-10-01,Low_Vol,Risk-Off
2024-10-02,Low_Vol,Risk-Off
2024-10-03,Low_Vol,Risk-Off
2024-10-04,Low_Vol,Risk-Off
2024-10-07,Low_Vol,Risk-Off
2024-10-08,Mid_Vol,Risk-Off
2024-10-09,Low_Vol,Risk-Off
2024-10-10,Low_Vol,Risk-Off
2024-10-11,Low_Vol,Risk-Off
2024-10-15,Low_Vol,Risk-Off
2024-10-16,Low_Vol,Risk-Off
2024-10-17,Low_Vol,Risk-Off
2024-10-18,Low_Vol,Risk-Off
2024-10-21,Low_Vol,Risk-Off
2024-10-22,Low_Vol,Risk-Off
2024-10-23,Low_Vol,Risk-Off
2024-10-24,Low_Vol,Risk-Off
2024-10-25,Low_Vol,Risk-Off
2024-10-28,Low_Vol,Risk-Off
2024-10-29,Low_Vol,Risk-Off
2024-10-30,Low_Vol,Risk-Off
2024-10-31,Low_Vol,Risk-Off
2024-11-01,Low_Vol,Risk-Off
2024-11-04,Low_Vol,Risk-Off
2024-11-05,Mid_Vol,Risk-Off
2024-11-06,Mid_Vol,Risk-Off
2024-11-07,Mid_Vol,Risk-Off
2024-11-08,Mid_Vol,Risk-Off
2024-11-12,Mid_Vol,Risk-Off
2024-11-13,Mid_Vol,Risk-Off
2024-11-14,Mid_Vol,Risk-Off
2024-11-15,High_Vol,Risk-Off
2024-11-18,High_Vol,Risk-Off
2024-11-19,High_Vol,Risk-Off
2024-11-20,Mid_Vol,Risk-Off
2024-11-21,Mid_Vol,Risk-Off
2024-11-22,Mid_Vol,Risk-Off
2024-11-25,Mid_Vol,Risk-Off
2024-11-26,Low_Vol,Risk-Off
2024-11-27,Low_Vol,Risk-Off
2024-11-29,Low_Vol,Risk-Off
2024-12-02,Low_Vol,Risk-Off
2024-12-03,Low_Vol,Risk-Off
2024-12-04,Low_Vol,Risk-Off
2024-12-05,Low_Vol,Risk-Off
2024-12-06,Low_Vol,Risk-Off
2024-12-09,Low_Vol,Risk-Off
2024-12-10,Low_Vol,Risk-Off
2024-12-11,Low_Vol,Risk-Off
2024-12-12,Low_Vol,Risk-Off
2024-12-13,Low_Vol,Risk-Off
2024-12-16,Low_Vol,Risk-Off
2024-12-17,Low_Vol,Risk-Off
2024-12-18,Mid_Vol,Risk-Off
2024-12-19,Mid_Vol,Risk-Off
2024-12-20,Mid_Vol,Risk-Off
2024-12-23,Mid_Vol,Risk-Off
2024-12-24,High_Vol,Risk-Off
2024-12-26,High_Vol,Risk-Off
2024-12-27,High_Vol,Risk-Off
2024-12-30,High_Vol,Risk-Off
2024-12-31,High_Vol,Risk-Off
2025-01-02,High_Vol,Risk-Off
2025-01-03,High_Vol,Risk-Off
2025-01-06,High_Vol,Risk-On
2025-01-07,Mid_Vol,Risk-Off
2025-01-08,Mid_Vol,Risk-Off
2025-01-09,Mid_Vol,Risk-Off
2025-01-10,Mid_Vol,Risk-Off
2025-01-13,Mid_Vol,Risk-Off
2025-01-14,Mid_Vol,Risk-Off
2025-01-15,Mid_Vol,Risk-Off
2025-01-16,Mid_Vol,Risk-Off
2025-01-17,Mid_Vol,Risk-Off
2025-01-21,Mid_Vol,Risk-Off
2025-01-22,Mid_Vol,Risk-Off
2025-01-23,Mid_Vol,Risk-Off
2025-01-24,Mid_Vol,Risk-Off
2025-01-27,Mid_Vol,Neutral
2025-01-28,Mid_Vol,Risk-Off
2025-01-29,Mid_Vol,Risk-Off
2025-01-30,Mid_Vol,Risk-Off
2025-01-31,Mid_Vol,Risk-Off
2025-02-03,Mid_Vol,Risk-Off
2025-02-04,Mid_Vol,Risk-Off
2025-02-05,Low_Vol,Risk-Off
2025-02-06,Low_Vol,Risk-Off
2025-02-07,Low_Vol,Risk-Off
2025-02-10,Low_Vol,Risk-Off
2025-02-11,Low_Vol,Risk-Off
2025-02-12,Low_Vol,Risk-Off
2025-02-13,Low_Vol,Risk-Off
2025-02-14,Low_Vol,Risk-Off
2025-02-18,Low_Vol,Risk-Off
2025-02-19,Low_Vol,Risk-Off
2025-02-20,Low_Vol,Risk-Off
2025-02-21,Mid_Vol,Risk-Off
2025-02-24,Low_Vol,Risk-Off
2025-02-25,Low_Vol,Risk-Off
2025-02-26,Low_Vol,Risk-Off
2025-02-27,Mid_Vol,Risk-Off
2025-02-28,Mid_Vol,Risk-Off
2025-03-03,Mid_Vol,Risk-Off
2025-03-04,Mid_Vol,Risk-Off
2025-03-05,High_Vol,Risk-Off
2025-03-06,High_Vol,Risk-Off
2025-03-07,High_Vol,Risk-Off
2025-03-10,High_Vol,Risk-Off
2025-03-11,High_Vol,Risk-Off
2025-03-12,High_Vol,Risk-Off
2025-03-13,High_Vol,Risk-Off
2025-03-14,High_Vol,Risk-Off
2025-03-17,High_Vol,Risk-Off
2025-03-18,High_Vol,Risk-Off
2025-03-19,High_Vol,Risk-Off
2025-03-20,High_Vol,Risk-Off
2025-03-21,High_Vol,Risk-Off
2025-03-24,High_Vol,Risk-On
2025-03-25,High_Vol,Risk-On
2025-03-26,High_Vol,Neutral
2025-03-27,High_Vol,Neutral
2025-03-28,High_Vol,Risk-Off
2025-03-31,High_Vol,Risk-Off
2025-04-01,High_Vol,Risk-Off
2025-04-02,High_Vol,Risk-Off
2025-04-03,High_Vol,Risk-Off
2025-04-04,High_Vol,Risk-Off
2025-04-07,High_Vol,Risk-Off
2025-04-08,High_Vol,Risk-Off
2025-04-09,High_Vol,Risk-Off
2025-04-10,High_Vol,Risk-Off
2025-04-11,High_Vol,Risk-Off
2025-04-14,High_Vol,Risk-Off
2025-04-15,High_Vol,Risk-Off
2025-04-16,High_Vol,Risk-Off
2025-04-17,High_Vol,Risk-Off
2025-04-18,High_Vol,Risk-Off
2025-04-21,High_Vol,Risk-Off
2025-04-22,High_Vol,Risk-Off
2025-04-23,High_Vol,Risk-Off
2025-04-24,High_Vol,Risk-On
2025-04-25,High_Vol,Risk-On
2025-04-28,High_Vol,Risk-On
2025-04-29,High_Vol,Risk-On
2025-04-30,High_Vol,Risk-On
2025-05-01,High_Vol,Risk-On
2025-05-02,High_Vol,Risk-On
2025-05-05,High_Vol,Neutral
2025-05-06,High_Vol,Neutral
2025-05-07,High_Vol,Risk-Off
2025-05-08,High_Vol,Risk-Off
2025-05-09,High_Vol,Risk-Off
2025-05-12,High_Vol,Risk-Off
2025-05-13,High_Vol,Risk-Off
2025-05-14,High_Vol,Risk-Off
2025-05-15,High_Vol,Risk-Off
2025-05-16,High_Vol,Risk-Off
2025-05-19,High_Vol,Risk-Off
2025-05-20,High_Vol,Risk-Off
2025-05-21,High_Vol,Risk-Off
2025-05-22,High_Vol,Risk-Off
2025-05-23,High_Vol,Risk-Off
2025-05-27,High_Vol,Risk-Off
2025-05-28,High_Vol,Risk-Off
2025-05-29,High_Vol,Risk-Off
2025-05-30,Mid_Vol,Risk-Off
2025-06-02,Mid_Vol,Risk-Off
2025-06-03,Mid_Vol,Risk-Off
2025-06-04,Mid_Vol,Risk-Off
2025-06-05,Mid_Vol,Risk-Off
2025-06-06,Mid_Vol,Risk-Off
2025-06-09,Mid_Vol,Risk-Off
2025-06-10,Mid_Vol,Risk-Off
2025-06-11,Mid_Vol,Risk-Off
2025-06-12,Mid_Vol,Risk-Off
2025-06-13,Low_Vol,Risk-Off
2025-06-16,Low_Vol,Risk-Off
2025-06-17,Low_Vol,Risk-Off
2025-06-18,Low_Vol,Risk-Off
2025-06-20,Low_Vol,Risk-Off
2025-06-23,Low_Vol,Risk-Off
2025-06-24,Mid_Vol,Risk-Off
2025-06-25,Mid_Vol,Risk-Off
2025-06-26,Low_Vol,Risk-Off
2025-06-27,Mid_Vol,Risk-Off
2025-06-30,Low_Vol,Risk-Off
2025-07-01,Low_Vol,Risk-Off
2025-07-02,Low_Vol,Risk-Off
2025-07-03,Low_Vol,Risk-Off
2025-07-07,Low_Vol,Risk-Off
2025-07-08,Low_Vol,Risk-Off
2025-07-09,Low_Vol,Risk-Off
2025-07-10,Low_Vol,Risk-Off
2025-07-11,Low_Vol,Risk-Off
2025-07-14,Low_Vol,Risk-Off
2025-07-15,Low_Vol,Risk-Off
2025-07-16,Low_Vol,Risk-Off
2025-07-17,Low_Vol,Risk-Off
2025-07-18,Low_Vol,Risk-Off
2025-07-21,Low_Vol,Risk-Off
2025-07-22,Low_Vol,Risk-Off
2025-07-23,Low_Vol,Risk-Off
2025-07-24,Low_Vol,Risk-Off
2025-07-25,Low_Vol,Risk-Off
2025-07-28,Low_Vol,Risk-Off
2025-07-29,Low_Vol,Risk-Off
2025-07-30,Low_Vol,Risk-Off
2025-07-31,Low_Vol,Risk-Off
2025-08-01,Low_Vol,Risk-Off
2025-08-04,Mid_Vol,Risk-Off
2025-08-05,Mid_Vol,Risk-Off
2025-08-06,Mid_Vol,Risk-Off
2025-08-07,Mid_Vol,Risk-Off
2025-08-08,Mid_Vol,Risk-Off
2025-08-11,Mid_Vol,Risk-Off
2025-08-12,Mid_Vol,Risk-Off
2025-08-13,Mid_Vol,Risk-Off
2025-08-14,Mid_Vol,Risk-Off
2025-08-15,Mid_Vol,Risk-Off
2025-08-18,Mid_Vol,Risk-Off
2025-08-19,Mid_Vol,Risk-Off
2025-08-20,Mid_Vol,Risk-Off
2025-08-21,Low_Vol,Risk-Off
2025-08-22,Low_Vol,Risk-Off
2025-08-25,Low_Vol,Risk-Off
2025-08-26,Low_Vol,Risk-Off
2025-08-27,Low_Vol,Risk-Off
2025-08-28,Low_Vol,Risk-Off
2025-08-29,Low_Vol,Risk-Off
2025-09-02,Low_Vol,Risk-Off
2025-09-03,Low_Vol,Risk-Off
2025-09-04,Low_Vol,Risk-Off
2025-09-05,Low_Vol,Risk-Off
2025-09-08,Low_Vol,Risk-Off
2025-09-09,Low_Vol,Risk-Off
2025-09-10,Low_Vol,Risk-Off
2025-09-11,Low_Vol,Risk-Off
2025-09-12,Low_Vol,Risk-Off
2025-09-15,Low_Vol,Risk-Off
2025-09-16,Low_Vol,Risk-Off
2025-09-17,Low_Vol,Risk-Off
2025-09-18,Low_Vol,Risk-Off
2025-09-19,Low_Vol,Risk-Off
2025-09-22,Low_Vol,Risk-Off
2025-09-23,Low_Vol,Risk-Off
2025-09-24,Low_Vol,Risk-Off
2025-09-25,Low_Vol,Risk-Off
2025-09-26,Low_Vol,Risk-Off
2025-09-29,Low_Vol,Risk-Off
2025-09-30,Low_Vol,Risk-Off
2025-10-01,Low_Vol,Risk-Off
2025-10-02,Low_Vol,Risk-Off
2025-10-03,Low_Vol,Risk-Off
2025-10-06,Low_Vol,Risk-Off
2025-10-07,Low_Vol,Risk-Off
2025-10-08,Low_Vol,Risk-Off
2025-10-09,Low_Vol,Risk-Off
2025-10-10,Mid_Vol,Risk-Off
2025-10-14,Mid_Vol,Risk-Off
2025-10-15,Mid_Vol,Risk-Off
2025-10-16,Mid_Vol,Risk-Off
2025-10-17,Mid_Vol,Risk-Off
2025-10-20,Mid_Vol,Risk-Off
2025-10-21,Mid_Vol,Risk-Off
2025-10-22,Mid_Vol,Risk-Off
2025-10-23,Mid_Vol,Risk-Off
2025-10-24,Mid_Vol,Risk-Off
2025-10-27,High_Vol,Risk-Off
2025-10-28,High_Vol,Risk-Off
2025-10-29,High_Vol,Risk-Off
2025-10-30,Mid_Vol,Risk-Off
2025-10-31,Mid_Vol,Risk-Off
2025-11-03,Low_Vol,Risk-Off
2025-11-04,Mid_Vol,Risk-Off
2025-11-05,Mid_Vol,Risk-Off
2025-11-06,Mid_Vol,Risk-Off
2025-11-07,Mid_Vol,Risk-Off
2025-11-10,Mid_Vol,Risk-Off
2025-11-12,Mid_Vol,Risk-Off
2025-11-13,Mid_Vol,Risk-Off
2025-11-14,Mid_Vol,Risk-Off
2025-11-17,Mid_Vol,Risk-Off
2025-11-18,Mid_Vol,Risk-Off
2025-11-19,Mid_Vol,Risk-Off
2025-11-20,Mid_Vol,Risk-Off
2025-11-21,Mid_Vol,Risk-Off
2025-11-24,High_Vol,Risk-Off
2025-11-25,High_Vol,Risk-Off
2025-11-26,High_Vol,Risk-Off
2025-11-28,Mid_Vol,Risk-Off
2025-12-01,Mid_Vol,Risk-Off
2025-12-02,Mid_Vol,Risk-Off
2025-12-03,Mid_Vol,Risk-Off
2025-12-04,Mid_Vol,Risk-Off
2025-12-05,Mid_Vol,Risk-Off
2025-12-08,Mid_Vol,Risk-Off
2025-12-09,Mid_Vol,Risk-Off
2025-12-10,Low_Vol,Risk-Off
2025-12-11,Low_Vol,Risk-Off
2025-12-12,Low_Vol,Risk-Off
2025-12-15,Low_Vol,Risk-Off
2025-12-16,Low_Vol,Risk-Off
2025-12-17,Low_Vol,Risk-Off
2025-12-18,Low_Vol,Risk-Off
2025-12-19,Low_Vol,Risk-Off
2025-12-22,Low_Vol,Risk-Off
2025-12-23,Low_Vol,Risk-Off
2025-12-24,Low_Vol,Risk-Off
2025-12-26,Low_Vol,Risk-Off
2025-12-29,Low_Vol,Risk-Off
2025-12-30,Low_Vol,Risk-Off
2025-12-31,Low_Vol,Risk-Off
2026-01-02,Low_Vol,Risk-Off
2026-01-05,Low_Vol,Risk-Off
2026-01-06,Low_Vol,Risk-Off
2026-01-07,Low_Vol,Risk-Off
2026-01-08,Low_Vol,Risk-Off
2026-01-09,Low_Vol,Risk-Off
2026-01-12,Low_Vol,Risk-Off
2026-01-13,Low_Vol,Risk-Off
2026-01-14,Low_Vol,Risk-Off
2026-01-15,Low_Vol,Risk-Off
2026-01-16,Low_Vol,Risk-Off
2026-01-20,Low_Vol,Risk-Off
2026-01-21,Mid_Vol,Risk-Off
2026-01-22,Mid_Vol,Risk-Off
2026-01-23,Mid_Vol,Risk-Off
2026-01-26,Mid_Vol,Risk-Off
2026-01-27,Mid_Vol,Risk-Off
2026-01-28,Mid_Vol,Risk-Off
2026-01-29,Mid_Vol,Risk-Off
2026-01-30,Mid_Vol,Risk-Off
2026-02-02,Mid_Vol,Risk-Off
2026-02-03,Mid_Vol,Risk-Off
2026-02-04,Mid_Vol,Risk-Off
2026-02-05,Mid_Vol,Risk-Off
2026-02-06,Mid_Vol,Risk-Off
2026-02-09,Mid_Vol,Risk-Off
2026-02-10,Mid_Vol,Risk-Off
2026-02-11,Mid_Vol,Risk-Off
2026-02-12,Mid_Vol,Risk-Off
2026-02-13,Mid_Vol,Risk-Off
2026-02-17,Mid_Vol,Risk-Off
2026-02-18,Mid_Vol,Risk-Off
2026-02-19,Mid_Vol,Neutral
2026-02-20,Mid_Vol,Risk-Off
2026-02-23,Mid_Vol,Risk-Off
2026-02-24,Mid_Vol,Risk-Off
2026-02-25,Mid_Vol,Risk-Off
2026-02-26,Low_Vol,Risk-Off
2026-02-27,Low_Vol,Risk-Off
2026-03-02,Low_Vol,Risk-Off
2026-03-03,Mid_Vol,Risk-Off
2026-03-04,Low_Vol,Risk-Off
2026-03-05,Low_Vol,Risk-Off
2026-03-06,Mid_Vol,Risk-Off
