date,dgs2
2021-03-10,0.0016
2021-03-11,0.0014
2021-03-12,0.0014
2021-03-15,0.0014
2021-03-16,0.0015
2021-03-17,0.0013
2021-03-18,0.0016
2021-03-19,0.0016
2021-03-22,0.0015
2021-03-23,0.0015
2021-03-24,0.0014
2021-03-25,0.0014
2021-03-26,0.0014
2021-03-29,0.0014
2021-03-30,0.0016
2021-03-31,0.0016
2021-04-01,0.0017
2021-04-02,0.0019
2021-04-05,0.0017
2021-04-06,0.0016
2021-04-07,0.0016
2021-04-08,0.0014
2021-04-09,0.0016
2021-04-12,0.0018
2021-04-13,0.0016
2021-04-14,0.0016
2021-04-15,0.0016
2021-04-16,0.0016
2021-04-19,0.0016
2021-04-20,0.0015
2021-04-21,0.0015
2021-04-22,0.0016
2021-04-23,0.0016
2021-04-26,0.0018
2021-04-27,0.0017
2021-04-28,0.0017
2021-04-29,0.0016
2021-04-30,0.0016
2021-05-03,0.0016
2021-05-04,0.0016
2021-05-05,0.0016
2021-05-06,0.0016
2021-05-07,0.0014
2021-05-10,0.0016
2021-05-11,0.0016
2021-05-12,0.0016
2021-05-13,0.0016
2021-05-14,0.0016
2021-05-17,0.0016
2021-05-18,0.0016
2021-05-19,0.0016
2021-05-20,0.0015
2021-05-21,0.0017
2021-05-24,0.0015
2021-05-25,0.0015
2021-05-26,0.0014
2021-05-27,0.0014
2021-05-28,0.0014
2021-05-31,0.0014
2021-06-01,0.0016
2021-06-02,0.0013
2021-06-03,0.0016
2021-06-04,0.0014
2021-06-07,0.0016
2021-06-08,0.0014
2021-06-09,0.0016
2021-06-10,0.0014
2021-06-11,0.0016
2021-06-14,0.0016
2021-06-15,0.0016
2021-06-16,0.0021
2021-06-17,0.0023
2021-06-18,0.0026
2021-06-21,0.0027
2021-06-22,0.0025
2021-06-23,0.0026
2021-06-24,0.0026
2021-06-25,0.0028
2021-06-28,0.0025
2021-06-29,0.0027
2021-06-30,0.0025
2021-07-01,0.0025
2021-07-02,0.0024
2021-07-05,0.0024
2021-07-06,0.0022
2021-07-07,0.0022
2021-07-08,0.0019
2021-07-09,0.0023
2021-07-12,0.0023
2021-07-13,0.0026
2021-07-14,0.0023
2021-07-15,0.0023
2021-07-16,0.0025
2021-07-19,0.0021
2021-07-20,0.002
2021-07-21,0.0022
2021-07-22,0.002
2021-07-23,0.0022
2021-07-26,0.0022
2021-07-27,0.002
2021-07-28,0.002
2021-07-29,0.002
2021-07-30,0.0019
2021-08-02,0.0017
2021-08-03,0.0017
2021-08-04,0.0017
2021-08-05,0.0021
2021-08-06,0.0021
2021-08-09,0.0023
2021-08-10,0.0024
2021-08-11,0.0023
2021-08-12,0.0023
2021-08-13,0.0023
2021-08-16,0.0021
2021-08-17,0.0023
2021-08-18,0.0023
2021-08-19,0.0022
2021-08-20,0.0023
2021-08-23,0.0023
2021-08-24,0.0024
2021-08-25,0.0023
2021-08-26,0.0025
2021-08-27,0.0022
2021-08-30,0.002
2021-08-31,0.002
2021-09-01,0.002
2021-09-02,0.002
2021-09-03,0.0021
2021-09-06,0.0021
2021-09-07,0.0022
2021-09-08,0.0022
2021-09-09,0.0023
2021-09-10,0.0023
2021-09-13,0.0021
2021-09-14,0.0021
2021-09-15,0.0021
2021-09-16,0.0023
2021-09-17,0.0023
2021-09-20,0.0023
2021-09-21,0.0022
2021-09-22,0.0025
2021-09-23,0.0027
2021-09-24,0.0029
2021-09-27,0.0031
2021-09-28,0.0031
2021-09-29,0.003
2021-09-30,0.0028
2021-10-01,0.0027
2021-10-04,0.0027
2021-10-05,0.0028
2021-10-06,0.003
2021-10-07,0.0032
2021-10-08,0.0032
2021-10-11,0.0032
2021-10-12,0.0035
2021-10-13,0.0037
2021-10-14,0.0036
2021-10-15,0.0041
2021-10-18,0.0044
2021-10-19,0.0041
2021-10-20,0.004
2021-10-21,0.0045
2021-10-22,0.0048
2021-10-25,0.0047
2021-10-26,0.0047
2021-10-27,0.005
2021-10-28,0.005
2021-10-29,0.0048
2021-11-01,0.005
2021-11-02,0.0046
2021-11-03,0.0047
2021-11-04,0.0041
2021-11-05,0.0039
2021-11-08,0.0045
2021-11-09,0.0041
2021-11-10,0.0051
2021-11-11,0.0051
2021-11-12,0.0053
2021-11-15,0.0053
2021-11-16,0.0054
2021-11-17,0.0052
2021-11-18,0.0052
2021-11-19,0.0052
2021-11-22,0.0063
2021-11-23,0.006
2021-11-24,0.0064
2021-11-25,0.0064
2021-11-26,0.005
2021-11-29,0.0051
2021-11-30,0.0052
2021-12-01,0.0056
2021-12-02,0.0063
2021-12-03,0.006
2021-12-06,0.0065
2021-12-07,0.007
2021-12-08,0.0068
2021-12-09,0.007
2021-12-10,0.0067
2021-12-13,0.0066
2021-12-14,0.0067
2021-12-15,0.0069
2021-12-16,0.0064
2021-12-17,0.0066
2021-12-20,0.0065
2021-12-21,0.007
2021-12-22,0.0068
2021-12-23,0.0071
2021-12-24,0.0071
2021-12-27,0.0076
2021-12-28,0.0074
2021-12-29,0.0075
2021-12-30,0.0073
2021-12-31,0.0073
2022-01-03,0.0078
2022-01-04,0.0077
2022-01-05,0.0083
2022-01-06,0.0088
2022-01-07,0.0087
2022-01-10,0.0092
2022-01-11,0.009
2022-01-12,0.0092
2022-01-13,0.0091
2022-01-14,0.0099
2022-01-17,0.0099
2022-01-18,0.0106
2022-01-19,0.0104
2022-01-20,0.0108
2022-01-21,0.0101
2022-01-24,0.0099
2022-01-25,0.0102
2022-01-26,0.0113
2022-01-27,0.0118
2022-01-28,0.0115
2022-01-31,0.0118
2022-02-01,0.0118
2022-02-02,0.0116
2022-02-03,0.0119
2022-02-04,0.0131
2022-02-07,0.013
2022-02-08,0.0135
2022-02-09,0.0136
2022-02-10,0.0161
2022-02-11,0.015
2022-02-14,0.0158
2022-02-15,0.0158
2022-02-16,0.0152
2022-02-17,0.0149
2022-02-18,0.0147
2022-02-21,0.0147
2022-02-22,0.0156
2022-02-23,0.0158
2022-02-24,0.0154
2022-02-25,0.0155
2022-02-28,0.0144
2022-03-01,0.0131
2022-03-02,0.015
2022-03-03,0.0153
2022-03-04,0.015
2022-03-07,0.0155
2022-03-08,0.0163
2022-03-09,0.0168
2022-03-10,0.0172
2022-03-11,0.0175
2022-03-14,0.0187
2022-03-15,0.0185
2022-03-16,0.0195
2022-03-17,0.0194
2022-03-18,0.0197
2022-03-21,0.0214
2022-03-22,0.0218
2022-03-23,0.0213
2022-03-24,0.0213
2022-03-25,0.023
2022-03-28,0.0235
2022-03-29,0.0235
2022-03-30,0.0231
2022-03-31,0.0228
2022-04-01,0.0244
2022-04-04,0.0243
2022-04-05,0.0251
2022-04-06,0.025
2022-04-07,0.0247
2022-04-08,0.0253
2022-04-11,0.025
2022-04-12,0.0239
2022-04-13,0.0237
2022-04-14,0.0247
2022-04-15,0.0247
2022-04-18,0.0246
2022-04-19,0.0261
2022-04-20,0.026
2022-04-21,0.0268
2022-04-22,0.0272
2022-04-25,0.0263
2022-04-26,0.0254
2022-04-27,0.0258
2022-04-28,0.0263
2022-04-29,0.027
2022-05-02,0.0273
2022-05-03,0.0278
2022-05-04,0.0266
2022-05-05,0.0271
2022-05-06,0.0272
2022-05-09,0.0261
2022-05-10,0.0262
2022-05-11,0.0266
2022-05-12,0.0256
2022-05-13,0.0261
2022-05-16,0.0258
2022-05-17,0.0271
2022-05-18,0.0268
2022-05-19,0.0263
2022-05-20,0.026
2022-05-23,0.0265
2022-05-24,0.025
2022-05-25,0.0248
2022-05-26,0.0246
2022-05-27,0.0247
2022-05-30,0.0247
2022-05-31,0.0253
2022-06-01,0.0266
2022-06-02,0.0265
2022-06-03,0.0266
2022-06-06,0.0273
2022-06-07,0.0275
2022-06-08,0.0278
2022-06-09,0.0283
2022-06-10,0.0306
2022-06-13,0.034
2022-06-14,0.0345
2022-06-15,0.032
2022-06-16,0.0314
2022-06-17,0.0317
2022-06-20,0.0317
2022-06-21,0.0321
2022-06-22,0.0306
2022-06-23,0.0301
2022-06-24,0.0304
2022-06-27,0.0308
2022-06-28,0.031
2022-06-29,0.0306
2022-06-30,0.0292
2022-07-01,0.0284
2022-07-04,0.0284
2022-07-05,0.0282
2022-07-06,0.0297
2022-07-07,0.0303
2022-07-08,0.0312
2022-07-11,0.0307
2022-07-12,0.0303
2022-07-13,0.0313
2022-07-14,0.0315
2022-07-15,0.0313
2022-07-18,0.0315
2022-07-19,0.0323
2022-07-20,0.0325
2022-07-21,0.031
2022-07-22,0.0298
2022-07-25,0.03
2022-07-26,0.0302
2022-07-27,0.0296
2022-07-28,0.0285
2022-07-29,0.0289
2022-08-01,0.029
2022-08-02,0.0306
2022-08-03,0.031
2022-08-04,0.0303
2022-08-05,0.0324
2022-08-08,0.0321
2022-08-09,0.0328
2022-08-10,0.0323
2022-08-11,0.0323
2022-08-12,0.0325
2022-08-15,0.032
2022-08-16,0.0325
2022-08-17,0.0328
2022-08-18,0.0322
2022-08-19,0.0325
2022-08-22,0.0332
2022-08-23,0.0329
2022-08-24,0.0336
2022-08-25,0.0335
2022-08-26,0.0337
2022-08-29,0.0342
2022-08-30,0.0346
2022-08-31,0.0345
2022-09-01,0.0351
2022-09-02,0.034
2022-09-05,0.034
2022-09-06,0.035
2022-09-07,0.0345
2022-09-08,0.0348
2022-09-09,0.0356
2022-09-12,0.0358
2022-09-13,0.0375
2022-09-14,0.0378
2022-09-15,0.0387
2022-09-16,0.0385
2022-09-19,0.0395
2022-09-20,0.0396
2022-09-21,0.0402
2022-09-22,0.0411
2022-09-23,0.042
2022-09-26,0.0427
2022-09-27,0.043
2022-09-28,0.0407
2022-09-29,0.0416
2022-09-30,0.0422
2022-10-03,0.0412
2022-10-04,0.041
2022-10-05,0.0415
2022-10-06,0.0423
2022-10-07,0.043
2022-10-10,0.043
2022-10-11,0.043
2022-10-12,0.0428
2022-10-13,0.0447
2022-10-14,0.0448
2022-10-17,0.0445
2022-10-18,0.0443
2022-10-19,0.0455
2022-10-20,0.0462
2022-10-21,0.0449
2022-10-24,0.045
2022-10-25,0.0442
2022-10-26,0.0439
2022-10-27,0.043
2022-10-28,0.0441
2022-10-31,0.0451
2022-11-01,0.0454
2022-11-02,0.0461
2022-11-03,0.0471
2022-11-04,0.0466
2022-11-07,0.0472
2022-11-08,0.0467
2022-11-09,0.0461
2022-11-10,0.0434
2022-11-11,0.0434
2022-11-14,0.044
2022-11-15,0.0437
2022-11-16,0.0435
2022-11-17,0.0443
2022-11-18,0.0451
2022-11-21,0.0448
2022-11-22,0.0447
2022-11-23,0.0446
2022-11-24,0.0446
2022-11-25,0.0442
2022-11-28,0.0446
2022-11-29,0.0448
2022-11-30,0.0438
2022-12-01,0.0425
2022-12-02,0.0428
2022-12-05,0.0441
2022-12-06,0.0434
2022-12-07,0.0426
2022-12-08,0.0431
2022-12-09,0.0433
2022-12-12,0.0439
2022-12-13,0.0422
2022-12-14,0.0423
2022-12-15,0.0423
2022-12-16,0.0417
2022-12-19,0.0425
2022-12-20,0.0425
2022-12-21,0.0421
2022-12-22,0.0424
2022-12-23,0.0431
2022-12-26,0.0431
2022-12-27,0.0432
2022-12-28,0.0431
2022-12-29,0.0434
2022-12-30,0.0441
2023-01-02,0.0441
2023-01-03,0.044
2023-01-04,0.0436
2023-01-05,0.0445
2023-01-06,0.0424
2023-01-09,0.0419
2023-01-10,0.0424
2023-01-11,0.042
2023-01-12,0.0412
2023-01-13,0.0422
2023-01-16,0.0422
2023-01-17,0.0418
2023-01-18,0.0406
2023-01-19,0.0409
2023-01-20,0.0414
2023-01-23,0.0421
2023-01-24,0.0412
2023-01-25,0.0411
2023-01-26,0.0417
2023-01-27,0.0419
2023-01-30,0.0425
2023-01-31,0.0421
2023-02-01,0.0409
2023-02-02,0.0409
2023-02-03,0.043
2023-02-06,0.0444
2023-02-07,0.0447
2023-02-08,0.0445
2023-02-09,0.0448
2023-02-10,0.045
2023-02-13,0.0452
2023-02-14,0.046
2023-02-15,0.0462
2023-02-16,0.0462
2023-02-17,0.046
2023-02-20,0.046
2023-02-21,0.0467
2023-02-22,0.0466
2023-02-23,0.0466
2023-02-24,0.0478
2023-02-27,0.0478
2023-02-28,0.0481
2023-03-01,0.0489
2023-03-02,0.0489
2023-03-03,0.0486
2023-03-06,0.0489
2023-03-07,0.05
2023-03-08,0.0505
2023-03-09,0.049
2023-03-10,0.046
2023-03-13,0.0403
2023-03-14,0.042
2023-03-15,0.0393
2023-03-16,0.0414
2023-03-17,0.0381
2023-03-20,0.0392
2023-03-21,0.0417
2023-03-22,0.0396
2023-03-23,0.0376
2023-03-24,0.0376
2023-03-27,0.0394
2023-03-28,0.0402
2023-03-29,0.0408
2023-03-30,0.041
2023-03-31,0.0406
2023-04-03,0.0397
2023-04-04,0.0384
2023-04-05,0.0379
2023-04-06,0.0382
2023-04-07,0.0397
2023-04-10,0.04
2023-04-11,0.0403
2023-04-12,0.0395
2023-04-13,0.0396
2023-04-14,0.0408
2023-04-17,0.0418
2023-04-18,0.0419
2023-04-19,0.0424
2023-04-20,0.0414
2023-04-21,0.0417
2023-04-24,0.0412
2023-04-25,0.0386
2023-04-26,0.039
2023-04-27,0.0407
2023-04-28,0.0404
2023-05-01,0.0414
2023-05-02,0.0397
2023-05-03,0.0389
2023-05-04,0.0375
2023-05-05,0.0392
2023-05-08,0.04
2023-05-09,0.0401
2023-05-10,0.039
2023-05-11,0.0389
2023-05-12,0.0398
2023-05-15,0.0399
2023-05-16,0.0406
2023-05-17,0.0412
2023-05-18,0.0424
2023-05-19,0.0428
2023-05-22,0.0429
2023-05-23,0.0426
2023-05-24,0.0431
2023-05-25,0.045
2023-05-26,0.0454
2023-05-29,0.0454
2023-05-30,0.0446
2023-05-31,0.044
2023-06-01,0.0433
2023-06-02,0.045
2023-06-05,0.0446
2023-06-06,0.0451
2023-06-07,0.0456
2023-06-08,0.0452
2023-06-09,0.0459
2023-06-12,0.0455
2023-06-13,0.0467
2023-06-14,0.0474
2023-06-15,0.0462
2023-06-16,0.047
2023-06-19,0.047
2023-06-20,0.0468
2023-06-21,0.0468
2023-06-22,0.0477
2023-06-23,0.0471
2023-06-26,0.0465
2023-06-27,0.0474
2023-06-28,0.0471
2023-06-29,0.0487
2023-06-30,0.0487
2023-07-03,0.0494
2023-07-04,0.0494
2023-07-05,0.0494
2023-07-06,0.0499
2023-07-07,0.0494
2023-07-10,0.0485
2023-07-11,0.0488
2023-07-12,0.0472
2023-07-13,0.0459
2023-07-14,0.0474
2023-07-17,0.0474
2023-07-18,0.0474
2023-07-19,0.0474
2023-07-20,0.048
2023-07-21,0.0482
2023-07-24,0.0481
2023-07-25,0.0485
2023-07-26,0.0482
2023-07-27,0.0491
2023-07-28,0.0487
2023-07-31,0.0488
2023-08-01,0.0492
2023-08-02,0.0488
2023-08-03,0.049
2023-08-04,0.0478
2023-08-07,0.0476
2023-08-08,0.0474
2023-08-09,0.0479
2023-08-10,0.0482
2023-08-11,0.0489
2023-08-14,0.0496
2023-08-15,0.0492
2023-08-16,0.0497
2023-08-17,0.0494
2023-08-18,0.0492
2023-08-21,0.0497
2023-08-22,0.0502
2023-08-23,0.0495
2023-08-24,0.0498
2023-08-25,0.0503
2023-08-28,0.0498
2023-08-29,0.0487
2023-08-30,0.049
2023-08-31,0.0485
2023-09-01,0.0487
2023-09-04,0.0487
2023-09-05,0.0494
2023-09-06,0.0501
2023-09-07,0.0494
2023-09-08,0.0498
2023-09-11,0.0497
2023-09-12,0.0498
2023-09-13,0.0496
2023-09-14,0.05
2023-09-15,0.0502
2023-09-18,0.0505
2023-09-19,0.0508
2023-09-20,0.0512
2023-09-21,0.0512
2023-09-22,0.051
2023-09-25,0.0509
2023-09-26,0.0504
2023-09-27,0.051
2023-09-28,0.0504
2023-09-29,0.0503
2023-10-02,0.0512
2023-10-03,0.0515
2023-10-04,0.0505
2023-10-05,0.0503
2023-10-06,0.0508
2023-10-09,0.0508
2023-10-10,0.0496
2023-10-11,0.0499
2023-10-12,0.0506
2023-10-13,0.0504
2023-10-16,0.0509
2023-10-17,0.0519
2023-10-18,0.0519
2023-10-19,0.0514
2023-10-20,0.0507
2023-10-23,0.0505
2023-10-24,0.0502
2023-10-25,0.0508
2023-10-26,0.0502
2023-10-27,0.0499
2023-10-30,0.0503
2023-10-31,0.0507
2023-11-01,0.0495
2023-11-02,0.0498
2023-11-03,0.0483
2023-11-06,0.0493
2023-11-07,0.0491
2023-11-08,0.0493
2023-11-09,0.0503
2023-11-10,0.0504
2023-11-13,0.0502
2023-11-14,0.048
2023-11-15,0.049
2023-11-16,0.0483
2023-11-17,0.0488
2023-11-20,0.0489
2023-11-21,0.0486
2023-11-22,0.0489
2023-11-23,0.0489
2023-11-24,0.0492
2023-11-27,0.0484
2023-11-28,0.0473
2023-11-29,0.0464
2023-11-30,0.0473
2023-12-01,0.0456
2023-12-04,0.0464
2023-12-05,0.0457
2023-12-06,0.046
2023-12-07,0.0458
2023-12-08,0.0471
2023-12-11,0.0471
2023-12-12,0.0473
2023-12-13,0.0446
2023-12-14,0.0437
2023-12-15,0.0444
2023-12-18,0.0443
2023-12-19,0.0441
2023-12-20,0.0434
2023-12-21,0.0433
2023-12-22,0.0431
2023-12-25,0.0431
2023-12-26,0.0426
2023-12-27,0.042
2023-12-28,0.0426
2023-12-29,0.0423
2024-01-01,0.0423
2024-01-02,0.0433
2024-01-03,0.0433
2024-01-04,0.0438
2024-01-05,0.044
2024-01-08,0.0436
2024-01-09,0.0436
2024-01-10,0.0437
2024-01-11,0.0426
2024-01-12,0.0414
2024-01-15,0.0414
2024-01-16,0.0422
2024-01-17,0.0434
2024-01-18,0.0434
2024-01-19,0.0439
2024-01-22,0.0437
2024-01-23,0.0431
2024-01-24,0.0434
2024-01-25,0.0428
2024-01-26,0.0434
2024-01-29,0.0429
2024-01-30,0.0436
2024-01-31,0.0427
2024-02-01,0.042
2024-02-02,0.0436
2024-02-05,0.0446
2024-02-06,0.0439
2024-02-07,0.0441
2024-02-08,0.0446
2024-02-09,0.0448
2024-02-12,0.0446
2024-02-13,0.0464
2024-02-14,0.0456
2024-02-15,0.0456
2024-02-16,0.0464
2024-02-19,0.0464
2024-02-20,0.0459
2024-02-21,0.0464
2024-02-22,0.0469
2024-02-23,0.0467
2024-02-26,0.0469
2024-02-27,0.047
2024-02-28,0.0464
2024-02-29,0.0464
2024-03-01,0.0454
2024-03-04,0.0461
2024-03-05,0.0454
2024-03-06,0.0455
2024-03-07,0.045
2024-03-08,0.0448
2024-03-11,0.0451
2024-03-12,0.0458
2024-03-13,0.0461
2024-03-14,0.0468
2024-03-15,0.0472
2024-03-18,0.0473
2024-03-19,0.0468
2024-03-20,0.0459
2024-03-21,0.0462
2024-03-22,0.0459
2024-03-25,0.0454
2024-03-26,0.0456
2024-03-27,0.0454
2024-03-28,0.0459
2024-03-29,0.0459
2024-04-01,0.0472
2024-04-02,0.047
2024-04-03,0.0468
2024-04-04,0.0465
2024-04-05,0.0473
2024-04-08,0.0478
2024-04-09,0.0474
2024-04-10,0.0497
2024-04-11,0.0493
2024-04-12,0.0488
2024-04-15,0.0493
2024-04-16,0.0497
2024-04-17,0.0493
2024-04-18,0.0498
2024-04-19,0.0497
2024-04-22,0.0497
2024-04-23,0.0486
2024-04-24,0.0489
2024-04-25,0.0496
2024-04-26,0.0496
2024-04-29,0.0497
2024-04-30,0.0504
2024-05-01,0.0496
2024-05-02,0.0487
2024-05-03,0.0481
2024-05-06,0.0482
2024-05-07,0.0482
2024-05-08,0.0484
2024-05-09,0.048
2024-05-10,0.0487
2024-05-13,0.0485
2024-05-14,0.0481
2024-05-15,0.0473
2024-05-16,0.0478
2024-05-17,0.0483
2024-05-20,0.0482
2024-05-21,0.0482
2024-05-22,0.0486
2024-05-23,0.0491
2024-05-24,0.0493
2024-05-27,0.0493
2024-05-28,0.0494
2024-05-29,0.0496
2024-05-30,0.0492
2024-05-31,0.0489
2024-06-03,0.0482
2024-06-04,0.0477
2024-06-05,0.0472
2024-06-06,0.0472
2024-06-07,0.0487
2024-06-10,0.0487
2024-06-11,0.0481
2024-06-12,0.0475
2024-06-13,0.0468
2024-06-14,0.0467
2024-06-17,0.0475
2024-06-18,0.0469
2024-06-19,0.0469
2024-06-20,0.047
2024-06-21,0.047
2024-06-24,0.0471
2024-06-25,0.0465
2024-06-26,0.0471
2024-06-27,0.047
2024-06-28,0.0471
2024-07-01,0.0477
2024-07-02,0.0474
2024-07-03,0.0471
2024-07-04,0.0471
2024-07-05,0.046
2024-07-08,0.0462
2024-07-09,0.0462
2024-07-10,0.0462
2024-07-11,0.045
2024-07-12,0.0445
2024-07-15,0.0444
2024-07-16,0.0443
2024-07-17,0.0442
2024-07-18,0.0446
2024-07-19,0.0449
2024-07-22,0.045
2024-07-23,0.044
2024-07-24,0.0437
2024-07-25,0.0441
2024-07-26,0.0436
2024-07-29,0.0436
2024-07-30,0.0435
2024-07-31,0.0429
2024-08-01,0.0416
2024-08-02,0.0388
2024-08-05,0.0389
2024-08-06,0.0399
2024-08-07,0.04
2024-08-08,0.0404
2024-08-09,0.0405
2024-08-12,0.0401
2024-08-13,0.0393
2024-08-14,0.0394
2024-08-15,0.0408
2024-08-16,0.0406
2024-08-19,0.0406
2024-08-20,0.0399
2024-08-21,0.0392
2024-08-22,0.0399
2024-08-23,0.039
2024-08-26,0.0391
2024-08-27,0.0383
2024-08-28,0.0383
2024-08-29,0.0387
2024-08-30,0.0391
2024-09-02,0.0391
2024-09-03,0.0388
2024-09-04,0.0376
2024-09-05,0.0375
2024-09-06,0.0366
2024-09-09,0.0368
2024-09-10,0.0359
2024-09-11,0.0362
2024-09-12,0.0364
2024-09-13,0.0357
2024-09-16,0.0356
2024-09-17,0.0359
2024-09-18,0.0361
2024-09-19,0.0359
2024-09-20,0.0355
2024-09-23,0.0357
2024-09-24,0.0349
2024-09-25,0.0353
2024-09-26,0.036
2024-09-27,0.0355
2024-09-30,0.0366
2024-10-01,0.0361
2024-10-02,0.0363
2024-10-03,0.037
2024-10-04,0.0393
2024-10-07,0.0399
2024-10-08,0.0398
2024-10-09,0.0399
2024-10-10,0.0398
2024-10-11,0.0395
2024-10-14,0.0395
2024-10-15,0.0395
2024-10-16,0.0393
2024-10-17,0.0396
2024-10-18,0.0395
2024-10-21,0.0402
2024-10-22,0.0403
2024-10-23,0.0407
2024-10-24,0.0407
2024-10-25,0.0411
2024-10-28,0.0412
2024-10-29,0.0411
2024-10-30,0.0415
2024-10-31,0.0416
2024-11-01,0.0421
2024-11-04,0.0417
2024-11-05,0.0419
2024-11-06,0.0427
2024-11-07,0.0421
2024-11-08,0.0426
2024-11-11,0.0426
2024-11-12,0.0434
2024-11-13,0.0427
2024-11-14,0.0434
2024-11-15,0.0431
2024-11-18,0.0429
2024-11-19,0.0427
2024-11-20,0.0431
2024-11-21,0.0434
2024-11-22,0.0437
2024-11-25,0.0421
2024-11-26,0.0421
2024-11-27,0.0419
2024-11-28,0.0419
2024-11-29,0.0413
2024-12-02,0.0417
2024-12-03,0.0417
2024-12-04,0.0413
2024-12-05,0.0415
2024-12-06,0.041
2024-12-09,0.0413
2024-12-10,0.0415
2024-12-11,0.0415
2024-12-12,0.0418
2024-12-13,0.0425
2024-12-16,0.0425
2024-12-17,0.0425
2024-12-18,0.0435
2024-12-19,0.0432
2024-12-20,0.043
2024-12-23,0.043
2024-12-24,0.0429
2024-12-25,0.0429
2024-12-26,0.043
2024-12-27,0.0431
2024-12-30,0.0424
2024-12-31,0.0425
2025-01-01,0.0425
2025-01-02,0.0425
2025-01-03,0.0428
2025-01-06,0.0428
2025-01-07,0.043
2025-01-08,0.0428
2025-01-09,0.0427
2025-01-10,0.044
2025-01-13,0.044
2025-01-14,0.0437
2025-01-15,0.0427
2025-01-16,0.0423
2025-01-17,0.0427
2025-01-20,0.0427
2025-01-21,0.0429
2025-01-22,0.0429
2025-01-23,0.0429
2025-01-24,0.0427
2025-01-27,0.0417
2025-01-28,0.0419
2025-01-29,0.0421
2025-01-30,0.0418
2025-01-31,0.0422
2025-02-03,0.0426
2025-02-04,0.0421
2025-02-05,0.0417
2025-02-06,0.0421
2025-02-07,0.0429
2025-02-10,0.0428
2025-02-11,0.0429
2025-02-12,0.0436
2025-02-13,0.0431
2025-02-14,0.0426
2025-02-17,0.0426
2025-02-18,0.0429
2025-02-19,0.0428
2025-02-20,0.0428
2025-02-21,0.0419
2025-02-24,0.0413
2025-02-25,0.0407
2025-02-26,0.0405
2025-02-27,0.0407
2025-02-28,0.0399
2025-03-03,0.0396
2025-03-04,0.0396
2025-03-05,0.0399
2025-03-06,0.0396
2025-03-07,0.0399
2025-03-10,0.0389
2025-03-11,0.0394
2025-03-12,0.0401
2025-03-13,0.0394
2025-03-14,0.0402
2025-03-17,0.0406
2025-03-18,0.0404
2025-03-19,0.0399
2025-03-20,0.0395
2025-03-21,0.0394
2025-03-24,0.0404
2025-03-25,0.0396
2025-03-26,0.0398
2025-03-27,0.0397
2025-03-28,0.0389
2025-03-31,0.0389
2025-04-01,0.0387
2025-04-02,0.0391
2025-04-03,0.0371
2025-04-04,0.0368
2025-04-07,0.0373
2025-04-08,0.0371
2025-04-09,0.0391
2025-04-10,0.0384
2025-04-11,0.0396
2025-04-14,0.0384
2025-04-15,0.0384
2025-04-16,0.0377
2025-04-17,0.0381
2025-04-18,0.0381
2025-04-21,0.0375
2025-04-22,0.0376
2025-04-23,0.0381
2025-04-24,0.0377
2025-04-25,0.0374
2025-04-28,0.0367
2025-04-29,0.0365
2025-04-30,0.036
2025-05-01,0.037
2025-05-02,0.0383
2025-05-05,0.0383
2025-05-06,0.0378
2025-05-07,0.0378
2025-05-08,0.039
2025-05-09,0.0388
2025-05-12,0.0398
2025-05-13,0.0402
2025-05-14,0.0405
2025-05-15,0.0396
2025-05-16,0.0398
2025-05-19,0.0397
2025-05-20,0.0397
2025-05-21,0.04
2025-05-22,0.04
2025-05-23,0.04
2025-05-26,0.04
2025-05-27,0.0392
2025-05-28,0.0396
2025-05-29,0.0392
2025-05-30,0.0389
2025-06-02,0.0394
2025-06-03,0.0396
2025-06-04,0.0387
2025-06-05,0.0392
2025-06-06,0.0404
2025-06-09,0.0401
2025-06-10,0.0401
2025-06-11,0.0394
2025-06-12,0.039
2025-06-13,0.0396
2025-06-16,0.0397
2025-06-17,0.0394
2025-06-18,0.0394
2025-06-19,0.0394
2025-06-20,0.039
2025-06-23,0.0384
2025-06-24,0.0375
2025-06-25,0.0374
2025-06-26,0.037
2025-06-27,0.0373
2025-06-30,0.0372
2025-07-01,0.0378
2025-07-02,0.0378
2025-07-03,0.0388
2025-07-04,0.0388
2025-07-07,0.039
2025-07-08,0.039
2025-07-09,0.0386
2025-07-10,0.0386
2025-07-11,0.039
2025-07-14,0.039
2025-07-15,0.0395
2025-07-16,0.0388
2025-07-17,0.0391
2025-07-18,0.0388
2025-07-21,0.0385
2025-07-22,0.0383
2025-07-23,0.0388
2025-07-24,0.0391
2025-07-25,0.0391
2025-07-28,0.0391
2025-07-29,0.0386
2025-07-30,0.0394
2025-07-31,0.0394
2025-08-01,0.0369
2025-08-04,0.0369
2025-08-05,0.0372
2025-08-06,0.0369
2025-08-07,0.0372
2025-08-08,0.0376
2025-08-11,0.0376
2025-08-12,0.0372
2025-08-13,0.0367
2025-08-14,0.0374
2025-08-15,0.0375
2025-08-18,0.0377
2025-08-19,0.0375
2025-08-20,0.0374
2025-08-21,0.0379
2025-08-22,0.0368
2025-08-25,0.0373
2025-08-26,0.0361
2025-08-27,0.0359
2025-08-28,0.0362
2025-08-29,0.0359
2025-09-01,0.0359
2025-09-02,0.0366
2025-09-03,0.0361
2025-09-04,0.0359
2025-09-05,0.0351
2025-09-08,0.0349
2025-09-09,0.0354
2025-09-10,0.0354
2025-09-11,0.0352
2025-09-12,0.0356
2025-09-15,0.0354
2025-09-16,0.0351
2025-09-17,0.0352
2025-09-18,0.0357
2025-09-19,0.0357
2025-09-22,0.0361
2025-09-23,0.0353
2025-09-24,0.0357
2025-09-25,0.0364
2025-09-26,0.0363
2025-09-29,0.0363
2025-09-30,0.036
2025-10-01,0.0355
2025-10-02,0.0355
2025-10-03,0.0358
2025-10-06,0.036
2025-10-07,0.0357
2025-10-08,0.0358
2025-10-09,0.036
2025-10-10,0.0352
2025-10-13,0.0352
2025-10-14,0.0348
2025-10-15,0.035
2025-10-16,0.0341
2025-10-17,0.0346
2025-10-20,0.0346
2025-10-21,0.0345
2025-10-22,0.0345
2025-10-23,0.0348
2025-10-24,0.0348
2025-10-27,0.0348
2025-10-28,0.0347
2025-10-29,0.0359
2025-10-30,0.0361
2025-10-31,0.036
2025-11-03,0.036
2025-11-04,0.0358
2025-11-05,0.0363
2025-11-06,0.0357
2025-11-07,0.0355
2025-11-10,0.0358
2025-11-11,0.0358
2025-11-12,0.0356
2025-11-13,0.0358
2025-11-14,0.0362
2025-11-17,0.036
2025-11-18,0.0358
2025-11-19,0.0358
2025-11-20,0.0355
2025-11-21,0.0351
2025-11-24,0.0346
2025-11-25,0.0343
2025-11-26,0.0345
2025-11-27,0.0345
2025-11-28,0.0347
2025-12-01,0.0354
2025-12-02,0.0351
2025-12-03,0.0349
2025-12-04,0.0352
2025-12-05,0.0356
2025-12-08,0.0357
2025-12-09,0.0361
2025-12-10,0.0354
2025-12-11,0.0352
2025-12-12,0.0352
2025-12-15,0.0351
2025-12-16,0.0348
2025-12-17,0.0349
2025-12-18,0.0346
2025-12-19,0.0348
2025-12-22,0.0344
2025-12-23,0.0348
2025-12-24,0.0347
2025-12-25,0.0347
2025-12-26,0.0346
2025-12-29,0.0345
2025-12-30,0.0345
2025-12-31,0.0347
2026-01-01,0.0347
2026-01-02,0.0347
2026-01-05,0.0346
2026-01-06,0.0347
2026-01-07,0.0347
2026-01-08,0.0349
2026-01-09,0.0354
2026-01-12,0.0354
2026-01-13,0.0353
2026-01-14,0.0351
2026-01-15,0.0356
2026-01-16,0.0359
2026-01-19,0.0359
2026-01-20,0.036
2026-01-21,0.036
2026-01-22,0.0361
2026-01-23,0.036
2026-01-26,0.0356
2026-01-27,0.0353
2026-01-28,0.0356
2026-01-29,0.0353
2026-01-30,0.0352
2026-02-02,0.0357
2026-02-03,0.0357
2026-02-04,0.0357
2026-02-05,0.0347
2026-02-06,0.035
2026-02-09,0.0348
2026-02-10,0.0345
2026-02-11,0.0352
2026-02-12,0.0347
2026-02-13,0.034
2026-02-16,0.034
2026-02-17,0.0343
2026-02-18,0.0347
2026-02-19,0.0347
2026-02-20,0.0348
2026-02-23,0.0343
2026-02-24,0.0343
2026-02-25,0.0345
2026-02-26,0.0342
2026-02-27,0.0338
2026-03-02,0.0347
2026-03-03,0.0351
2026-03-04,0.0354
2026-03-05,0.0357
2026-03-06,0.0356
