date,open_SPY,high_SPY,low_SPY,close_SPY,volume_SPY,open_VIX,high_VIX,low_VIX,close_VIX,volume_VIX,yield_curve_10y2y,credit_spread,open_MOVE,high_MOVE,low_MOVE,close_MOVE,volume_MOVE,open_TLT,high_TLT,low_TLT,close_TLT,volume_TLT
2024-11-04,571.18,572.5,567.89,569.77,30104102.0,22.5,23.06999969482422,21.729999542236328,21.979999542236328,0.0,0.0014,0.0064,34.79999923706055,39.5,34.79999923706055,39.20000076293945,10360.0,88.35725291409254,88.63492613231453,87.73488241153123,88.32852935791016,49747600.0
2024-11-05,570.74,576.71,570.52,576.68,34736909.0,21.979999542236328,22.059999465942383,20.200000762939453,20.489999771118164,0.0,0.0007,0.0064,39.79999923706055,40.5,38.0,38.09999847412109,2730.0,88.11786620887862,88.95088573122506,87.70614492382109,88.79768371582031,46986000.0
2024-11-06,589.2,591.93,585.39,591.04,55040658.0,16.059999465942383,16.81999969482422,15.4399995803833,16.270000457763672,0.0,0.0015,0.0064,39.0,44.36000061035156,37.59999847412109,42.20000076293945,3980.0,85.82946914558958,86.86356089555441,85.74329848562981,86.36566162109375,98895700.0
2024-11-07,593.08,596.65,592.9999,595.55,38682519.0,15.859999656677246,15.859999656677246,15.130000114440918,15.199999809265137,0.0,0.001,0.0064,43.5,46.09999847412109,41.400001525878906,44.70000076293945,2610.0,86.8922854484485,87.72530502968199,86.79653783458912,87.4476318359375,56221400.0
2024-11-08,596.17,599.64,596.165,598.24,37259585.0,15.130000114440918,15.329999923706056,14.65999984741211,14.9399995803833,0.0,0.0004,0.0064,44.0,44.54999923706055,43.20000076293945,43.5,1960.0,88.08915824984705,88.66365129915704,87.93595620732414,88.5583267211914,56756200.0
2024-11-11,596.17,599.64,596.165,598.24,37259585.0,15.130000114440918,15.329999923706056,14.65999984741211,14.9399995803833,0.0,0.0004,0.0064,44.0,44.54999923706055,43.20000076293945,43.5,1960.0,88.08915824984705,88.66365129915704,87.93595620732414,88.5583267211914,56756200.0
2024-11-12,598.68,599.29,594.37,596.87,32769595.0,15.09000015258789,15.369999885559082,14.6899995803833,14.710000038146973,0.0,0.0009,0.0064,42.09999847412109,42.7599983215332,40.91999816894531,42.29999923706055,470.0,87.48593174714989,87.94552321257727,86.6624891244283,86.80611419677734,57908400.0
2024-11-13,597.37,599.23,594.96,597.17,38514029.0,15.09000015258789,15.260000228881836,13.770000457763672,14.020000457763672,0.0,0.0017,0.0064,42.79999923706055,42.810001373291016,38.70000076293945,38.70000076293945,2540.0,87.62954384952957,87.64869775397769,85.90606500798083,85.982666015625,49009100.0
2024-11-14,597.32,597.81,592.65,593.37,31725293.0,14.170000076293944,14.31999969482422,13.59000015258789,14.3100004196167,0.0,0.0009,0.0064,38.20000076293945,38.400001525878906,35.20000076293945,35.20000076293945,1840.0,86.71036367649799,87.16038551698222,86.43269047055931,86.4805679321289,53328300.0
2024-11-15,589.72,590.2,583.86,585.7,60293177.0,15.020000457763672,17.549999237060547,14.5600004196167,16.139999389648438,0.0,0.0012,0.0064,36.29999923706055,36.29999923706055,32.099998474121094,32.099998474121094,1590.0,86.09756853876051,86.79654001715208,85.70500112054322,86.25077056884766,73722400.0
2024-11-18,586.22,589.49,585.34,588.14,29534317.0,16.600000381469727,17.0,15.350000381469728,15.579999923706056,0.0,0.0013,0.0064,31.5,31.899999618530277,30.5,31.100000381469727,940.0,85.8486296920507,86.73908913414867,85.61882663756558,86.40396881103516,36010600.0
2024-11-19,584.71,591.045,584.03,590.29,36021631.0,15.4399995803833,17.93000030517578,15.369999885559082,16.350000381469727,0.0,0.0012,0.0064,32.849998474121094,33.0,30.1200008392334,30.81999969482422,1250.0,86.95931528463223,87.19868798771755,86.76782004419404,86.84441375732422,29585100.0
2024-11-20,590.38,590.79,584.63,590.51,40138287.0,16.190000534057617,18.790000915527344,16.040000915527344,17.15999984741211,0.0,0.001,0.0064,29.600000381469727,31.5,29.600000381469727,30.100000381469727,980.0,86.31780751862425,86.968901633558,86.27950700538392,86.56675720214844,27755400.0
2024-11-21,593.4,595.12,587.45,593.61,39020519.0,17.100000381469727,17.989999771118164,15.729999542236328,16.8700008392334,0.0,0.0009,0.0064,29.799999237060547,32.599998474121094,28.0,31.799999237060547,2940.0,86.60504992635023,86.98804775153735,86.17418193868716,86.49972534179688,28365700.0
2024-11-22,593.66,596.15,593.1525,595.48,29077044.0,16.670000076293945,17.559999465942383,15.239999771118164,15.239999771118164,0.0,0.0004,0.0064,31.209999084472656,34.93000030517578,30.5,34.400001525878906,820.0,86.66249368803075,86.84441197118294,86.31779641827131,86.54759216308594,21547500.0
2024-11-25,599.52,600.86,595.2,597.45,34314838.0,15.229999542236328,15.720000267028809,14.539999961853027,14.600000381469728,0.0,0.0006,0.0064,35.099998474121094,36.5,32.900001525878906,35.900001525878906,1460.0,88.28065541579188,88.83600187438896,88.07958320941894,88.78813171386719,56858000.0
2024-11-26,598.8,601.33,598.07,600.74,33032307.0,14.949999809265137,15.029999732971191,13.880000114440918,14.100000381469728,0.0,0.0009,0.0064,35.849998474121094,39.20000076293945,35.0,36.0,1460.0,88.24235584767389,88.51045210350975,87.90722822280401,88.44342803955078,31122200.0
2024-11-27,600.46,600.85,597.28,598.79,28396277.0,14.279999732971191,15.130000114440918,13.960000038146973,14.100000381469728,0.0,0.0006,0.0064,37.29999923706055,61.09999847412109,37.29999923706055,53.900001525878906,71460.0,89.08495219523272,89.41049558742421,88.73067794042815,89.05622863769531,39442200.0
2024-11-28,600.46,600.85,597.28,598.79,28396277.0,14.279999732971191,15.130000114440918,13.960000038146973,14.100000381469728,0.0,0.0006,0.0064,37.29999923706055,61.09999847412109,37.29999923706055,53.900001525878906,71460.0,89.08495219523272,89.41049558742421,88.73067794042815,89.05622863769531,39442200.0
2024-11-29,599.66,603.35,599.3805,602.55,22416831.0,14.0,14.149999618530272,13.489999771118164,13.510000228881836,0.0,0.0005,0.0064,54.09999847412109,58.59999847412109,50.59000015258789,56.400001525878906,6650.0,89.7934848741945,89.99455706294093,89.46794151291219,89.97541046142578,31905700.0
2024-12-01,599.66,603.35,599.3805,602.55,22416831.0,14.0,14.149999618530272,13.489999771118164,13.510000228881836,0.0,0.0005,0.006,54.09999847412109,58.59999847412109,50.59000015258789,56.400001525878906,6650.0,89.7934848741945,89.99455706294093,89.46794151291219,89.97541046142578,31905700.0
2024-12-02,602.97,604.32,602.47,603.65,25486528.0,14.079999923706056,14.100000381469728,13.300000190734863,13.34000015258789,0.0,0.0002,0.006,60.79999923706055,62.400001525878906,48.5,49.5,28390.0,89.61511040235801,90.4606313369159,89.35569387134584,90.1916046142578,39406000.0
2024-12-03,603.39,604.16,602.341,603.85,22298743.0,13.380000114440918,13.770000457763672,13.1899995803833,13.300000190734863,0.0,0.0006,0.006,50.0,54.5,47.95000076293945,53.5,8880.0,90.24924072491,90.34532063903497,89.34607340519477,89.413330078125,32768900.0
2024-12-04,605.63,607.91,604.95,607.61,32101812.0,13.15999984741211,13.609999656677246,12.890000343322754,13.449999809265137,0.0,0.0006,0.006,55.0,61.130001068115234,52.79999923706055,60.5,9650.0,88.98097591362385,90.4990636357488,88.91371923380456,90.37415313720705,35851100.0
2024-12-05,607.66,608.48,606.305,606.61,24651031.0,13.460000038146973,13.699999809265137,13.260000228881836,13.539999961853027,0.0,0.0002,0.006,60.79999923706055,63.0,57.5099983215332,59.5,6640.0,90.04747151334422,90.69121500722254,89.989825030438,90.55670166015624,23695800.0
2024-12-06,607.44,609.07,607.02,607.88,23732747.0,13.619999885559082,13.739999771118164,12.699999809265137,12.770000457763672,0.0,0.0005,0.006,58.70000076293945,60.79999923706055,57.52000045776367,59.79999923706055,5370.0,91.00827052161588,91.1331736577398,90.3356965652506,90.69120025634766,31761500.0
2024-12-09,607.69,607.86,604.08,604.66,29082833.0,13.359999656677246,14.229999542236328,13.350000381469728,14.1899995803833,0.0,0.0007,0.006,61.0,62.400001525878906,59.29999923706055,60.5,1830.0,90.30687688215204,90.35492049893529,89.80725698756926,89.85529327392578,30509600.0
2024-12-10,605.37,605.8,602.13,602.87,29618208.0,14.300000190734863,14.539999961853027,13.859999656677246,14.18000030517578,0.0,0.0007,0.006,62.20000076293945,63.630001068115234,60.900001525878906,61.5,2740.0,89.37490996033272,89.64394402255849,89.26922717035129,89.43256378173828,28706500.0
2024-12-11,605.78,608.435,605.5,607.5,21541863.0,14.420000076293944,14.43000030517578,13.520000457763672,13.579999923706056,0.0,0.0011,0.006,61.5,65.0,61.5,64.5,3960.0,89.42294684103491,89.63432706590228,88.500566402873,88.5870361328125,38748400.0
2024-12-12,606.58,607.16,604.34,604.35,23569114.0,13.729999542236328,13.949999809265137,13.390000343322754,13.920000076293944,0.0,0.0014,0.006,65.5,66.04000091552734,63.45000076293945,65.69999694824219,3960.0,88.048971015097,88.15466111349285,87.43405080466322,87.51091766357422,45368400.0
2024-12-13,606.4,607.13,602.81,604.26,27449493.0,13.56999969482422,14.25,13.239999771118164,13.8100004196167,0.0,0.0015,0.006,67.9000015258789,69.68000030517578,62.09999847412109,64.5999984741211,2810.0,87.24190107810564,87.28993737266049,86.55011392874958,86.61737060546875,39486000.0
2024-12-16,606.0,607.7795,605.21,606.775,31627204.0,14.369999885559082,14.6899995803833,13.989999771118164,14.6899995803833,0.0,0.0014,0.006,64.5999984741211,64.5999984741211,61.29999923706055,61.29999923706055,4020.0,87.0017034088187,87.06896009001753,86.52129644870469,86.87679290771484,23482300.0
2024-12-17,604.19,605.17,602.885,604.24,36975121.0,14.979999542236328,15.9399995803833,14.779999732971191,15.869999885559082,0.0,0.0015,0.006,60.79999923706055,60.79999923706055,57.5,60.20000076293945,2410.0,86.97285736493393,87.42444099999241,86.91521088571018,87.0881576538086,23839900.0
2024-12-18,603.98,606.405,585.89,586.3,77626813.0,15.56999969482422,28.31999969482422,14.81999969482422,27.6200008392334,0.0,0.0015,0.006,61.0,62.41999816894531,57.5,57.5,3710.0,86.78048130814433,87.16630240927572,85.97990381110867,85.99919891357422,61328400.0
2024-12-19,591.36,593.0,585.85,586.12,68094372.0,21.61000061035156,24.1200008392334,20.15999984741211,24.09000015258789,0.0,0.0025,0.006,57.59999847412109,60.400001525878906,53.16999816894531,53.16999816894531,2580.0,84.94782917020738,85.2564845523425,84.40768409120211,84.6970443725586,99083300.0
2024-12-20,581.77,595.75,580.91,590.87,93888847.0,24.13999938964844,26.51000022888184,17.81999969482422,18.36000061035156,0.0,0.0022,0.006,53.0,56.70000076293945,51.400001525878906,56.5,10840.0,85.39151560171138,85.75804890484973,85.16002591899327,85.17931365966797,45542400.0
2024-12-23,590.89,595.3,587.661,594.78,38645047.0,18.09000015258789,20.020000457763672,16.739999771118164,16.780000686645508,0.0,0.0029,0.006,54.29999923706055,58.0,54.29999923706055,55.95000076293945,2010.0,85.03465435538708,85.10217249975074,84.34017780826028,84.3980484008789,32764600.0
2024-12-24,596.06,601.34,595.47,601.3,23230099.0,16.969999313354492,17.040000915527344,14.270000457763672,14.270000457763672,0.0,0.003,0.006,55.0,57.5,54.400001525878906,56.59999847412109,1750.0,83.95434354524248,84.77420870101781,83.89647296168235,84.75492095947266,22377600.0
2024-12-25,596.06,601.34,595.47,601.3,23230099.0,16.969999313354492,17.040000915527344,14.270000457763672,14.270000457763672,0.0,0.003,0.006,55.0,57.5,54.400001525878906,56.59999847412109,1750.0,83.95434354524248,84.77420870101781,83.89647296168235,84.75492095947266,22377600.0
2024-12-26,599.5,602.48,598.0825,601.25,24587726.0,14.989999771118164,15.93000030517578,14.550000190734863,14.729999542236328,0.0,0.0028,0.006,56.59999847412109,62.79999923706055,56.29999923706055,57.20000076293945,5470.0,84.1183200593738,84.84173183218464,84.10867250857062,84.70669555664062,19981800.0
2024-12-27,597.54,597.7761,590.7647,594.99,51663328.0,15.380000114440918,18.450000762939453,15.289999961853027,15.949999809265137,0.0,0.0031,0.006,55.0,59.0,55.0,58.5,1680.0,84.37875564532528,84.66811595016003,83.97363944427602,84.01222229003906,27262300.0
2024-12-30,587.89,591.74,584.41,588.23,43473044.0,17.209999084472656,19.21999931335449,16.440000534057617,17.399999618530273,0.0,0.0031,0.006,58.20000076293945,60.0,55.79999923706055,55.900001525878906,2490.0,84.71635137296771,84.91890580604637,84.56201998075969,84.68741607666016,48519600.0
2024-12-31,589.905,590.6399,584.42,586.01,43406778.0,17.389999389648438,17.809999465942383,16.68000030517578,17.350000381469727,0.0,0.0033,0.006,55.900001525878906,59.400001525878906,51.84999847412109,54.0,6260.0,85.00570464448096,85.15038847294426,84.16655168545924,84.23406982421875,31917300.0
2025-01-01,589.905,590.6399,584.42,586.01,43406778.0,17.389999389648438,17.809999465942383,16.68000030517578,17.350000381469727,0.0,0.0033,0.0062,55.900001525878906,59.400001525878906,51.84999847412109,54.0,6260.0,85.00570464448096,85.15038847294426,84.16655168545924,84.23406982421875,31917300.0
2025-01-02,589.39,591.13,580.5,584.58,43204552.0,17.209999084472656,19.5,16.959999084472656,17.93000030517578,0.0,0.0032,0.0062,54.59999847412109,54.900001525878906,52.20000076293945,52.79999923706055,300.0,84.68740278544092,84.99605816248939,84.1183150646463,84.4655532836914,27841300.0
2025-01-03,587.53,592.6,586.43,591.87,32435524.0,17.65999984741211,17.940000534057617,16.110000610351562,16.1299991607666,0.0,0.0032,0.0062,55.119998931884766,58.0,52.34000015258789,57.0,1570.0,84.6102520314632,84.76457606775656,84.08939461098696,84.19549560546875,21962200.0
2025-01-06,596.27,599.7,593.6,595.4,39040556.0,16.770000457763672,16.8700008392334,15.710000038146973,16.040000915527344,0.0,0.0034,0.0062,57.0,58.09999847412109,55.0,55.41999816894531,680.0,83.96400451966801,84.13762365703134,83.59747114138663,83.81932067871094,30231500.0
2025-01-07,597.42,597.75,586.78,588.72,44646968.0,16.479999542236328,18.899999618530277,15.789999961853027,17.81999969482422,0.0,0.0037,0.0062,55.79999923706055,57.70000076293945,54.68999862670898,57.70000076293945,2110.0,83.5299399243055,83.69391148422979,82.74865760790466,82.8740463256836,41757200.0
2025-01-08,588.7,590.5799,585.195,589.42,38292453.0,17.90999984741211,19.5,17.3700008392334,17.700000762939453,0.0,0.0039,0.0062,58.20000076293945,59.900001525878906,58.20000076293945,58.5,1110.0,82.44001081637848,83.14412752182733,82.31461472661397,82.98015594482422,44590800.0
2025-01-09,588.7,590.5799,585.195,589.42,38292453.0,17.90999984741211,19.5,17.3700008392334,17.700000762939453,0.0,0.0041,0.0062,58.20000076293945,59.900001525878906,58.20000076293945,58.5,1110.0,82.44001081637848,83.14412752182733,82.31461472661397,82.98015594482422,44590800.0
2025-01-10,585.88,585.95,578.55,580.51,58210111.0,18.290000915527344,20.309999465942383,18.049999237060547,19.540000915527344,0.0,0.0037,0.0062,58.400001525878906,58.400001525878906,55.59999847412109,58.400001525878906,420.0,82.25674738099036,82.80654008239199,82.14100619685891,82.43036651611328,47115800.0
2025-01-13,575.77,581.75,575.35,581.54,36986595.0,21.18000030517578,22.040000915527344,19.149999618530277,19.190000534057617,0.0,0.0039,0.0062,57.0,57.900001525878906,56.59999847412109,57.900001525878906,180.0,82.49788165889913,82.6232777490478,82.02525467006119,82.40142822265625,33258900.0
2025-01-14,584.36,585.0,578.35,582.19,40987960.0,18.790000915527344,19.65999984741211,18.239999771118164,18.709999084472656,0.0,0.0041,0.0062,54.5,57.400001525878906,54.5,56.70000076293945,370.0,82.20851735230679,82.33390607743223,81.8805668543189,82.26638793945312,33412900.0
2025-01-15,590.325,593.94,589.195,592.78,42142340.0,19.07999992370605,19.13999938964844,15.960000038146973,16.1200008392334,0.0,0.0039,0.0062,57.5,57.5,56.0,56.45000076293945,750.0,83.62639482241396,83.89647472218618,83.33703453961665,83.68427276611328,54120700.0
2025-01-16,594.175,594.35,590.93,591.7,30959922.0,15.869999885559082,16.600000381469727,15.640000343322754,16.600000381469727,0.0,0.0038,0.0062,55.20000076293945,57.810001373291016,55.20000076293945,57.400001525878906,570.0,83.56853222631601,84.30159159221014,83.22129396662538,83.95435333251953,34651100.0
2025-01-17,596.96,599.36,595.61,597.57,46714655.0,16.190000534057617,16.229999542236328,15.529999732971191,15.970000267028809,0.0,0.0034,0.0062,57.900001525878906,58.0,54.0,56.29999923706055,940.0,84.33051924017578,84.3787496336747,83.95434571944371,84.09902954101562,29875600.0
2025-01-20,596.96,599.36,595.61,597.57,46714655.0,16.190000534057617,16.229999542236328,15.529999732971191,15.970000267028809,0.0,0.0034,0.0062,57.900001525878906,58.0,54.0,56.29999923706055,940.0,84.33051924017578,84.3787496336747,83.95434571944371,84.09902954101562,29875600.0
2025-01-21,600.67,602.98,598.67,602.92,32355401.0,16.290000915527344,16.290000915527344,14.93000030517578,15.0600004196167,0.0,0.0028,0.0062,58.0,58.7599983215332,56.09999847412109,56.09999847412109,2190.0,84.77420608348937,85.04427861033062,84.52342129759774,84.85137176513672,30548600.0
2025-01-22,605.92,607.82,605.36,606.34,33749148.0,14.890000343322754,15.289999961853027,14.59000015258789,15.100000381469728,0.0,0.0031,0.0062,55.5,57.5,46.09999847412109,46.09999847412109,1320.0,84.7549225519061,84.86102352970961,84.22441766288858,84.40768432617188,25278400.0
2025-01-23,605.8,609.74,605.52,609.71,28949621.0,15.279999732971191,15.390000343322754,14.59000015258789,15.020000457763672,0.0,0.0036,0.0062,46.09999847412109,49.20000076293945,42.0,49.20000076293945,3840.0,83.56852623963877,83.90611692378548,83.46242525906052,83.75179290771484,31949000.0
2025-01-24,609.81,610.78,606.8,607.95,27966500.0,15.020000457763672,15.15999984741211,14.579999923706056,14.850000381469728,0.0,0.0036,0.0062,49.09999847412109,49.900001525878906,47.77999877929688,48.95000076293945,440.0,83.64567814666356,84.18582315231039,83.52992963448618,84.1279525756836,21110400.0
2025-01-27,594.81,599.69,594.64,599.41,54960428.0,18.82999992370605,22.51000022888184,17.56999969482422,17.899999618530273,0.0,0.0036,0.0062,47.93000030517578,47.93000030517578,47.93000030517578,47.93000030517578,90.0,85.03463882907022,85.29506380722934,84.73562365097703,85.12144470214844,42864200.0
2025-01-28,600.62,605.37,597.25,604.49,36247186.0,18.290000915527344,18.38999938964844,16.25,16.40999984741211,0.0,0.0036,0.0062,47.66999816894531,51.95000076293945,47.66999816894531,51.95000076293945,710.0,84.72598531819392,85.07322356613122,84.55237355315056,85.06358337402344,25519100.0
2025-01-29,603.72,604.13,599.22,601.8,28884700.0,16.420000076293945,18.07999992370605,16.170000076293945,16.559999465942383,0.0,0.0034,0.0062,53.0,53.0,52.0,52.0,760.0,85.29507006460916,85.47833673311831,84.52342790565748,84.88996124267578,25342800.0
2025-01-30,603.96,606.6,600.715,604.98,32325547.0,15.93000030517578,16.420000076293945,15.31999969482422,15.84000015258789,0.0,0.0034,0.0062,53.29999923706055,53.29999923706055,51.0,52.060001373291016,510.0,85.27576980973645,85.56513005769207,85.04427278066322,85.20824432373047,25094900.0
2025-01-31,607.5,609.96,601.05,601.8,51260783.0,15.449999809265137,17.09000015258789,14.899999618530272,16.43000030517578,0.0,0.0036,0.0062,50.20000076293945,52.400001525878906,48.0,52.400001525878906,500.0,85.24683461648385,85.5169145073536,84.33051604610922,84.64881896972656,48790100.0
2025-02-01,607.5,609.96,601.05,601.8,51260783.0,15.449999809265137,17.09000015258789,14.899999618530272,16.43000030517578,0.0,0.0036,0.006,50.20000076293945,52.400001525878906,48.0,52.400001525878906,500.0,85.24683461648385,85.5169145073536,84.33051604610922,84.64881896972656,48790100.0
2025-02-03,592.67,600.29,590.49,597.65,54454280.0,20.36000061035156,20.420000076293945,17.65999984741211,18.6200008392334,0.0,0.0028,0.006,54.900001525878906,55.0,50.09999847412109,50.09999847412109,330.0,85.7445974370506,86.2479492309847,84.98956605355887,85.33804321289062,70657200.0
2025-02-04,597.83,602.3,597.28,601.76,27056110.0,18.780000686645508,19.11000061035156,16.780000686645508,17.209999084472656,0.0,0.0031,0.006,54.29999923706055,54.29999923706055,52.5,52.5,330.0,84.74755926151423,85.61874468034534,84.67980023149002,85.5993881225586,33414000.0
2025-02-05,600.64,604.37,598.58,604.17,24377623.0,17.540000915527344,17.75,15.770000457763672,15.770000457763672,0.0,0.0026,0.006,52.400001525878906,52.959999084472656,52.400001525878906,52.95000076293945,350.0,86.58673902284143,87.29337527000845,86.5286619616318,87.01265716552734,48331200.0
2025-02-06,605.99,606.4525,602.63,606.34,26138237.0,15.880000114440918,16.149999618530273,14.989999771118164,15.5,0.0,0.0024,0.006,53.0,53.0,53.0,53.0,260.0,86.98362759060113,87.26434572398448,86.68355289654858,86.97394561767578,22509900.0
2025-02-07,606.89,608.13,600.05,600.78,43763147.0,15.380000114440918,16.65999984741211,14.789999961853027,16.540000915527344,0.0,0.002,0.006,53.400001525878906,53.400001525878906,53.400001525878906,53.400001525878906,90.0,86.38346757101232,86.58674468371663,86.09307486079811,86.41250610351562,31171200.0
2025-02-10,604.03,605.4999,602.74,604.79,22379011.0,16.579999923706055,16.610000610351562,15.699999809265137,15.8100004196167,0.0,0.0023,0.006,52.43999862670898,54.0,52.20000076293945,52.20000076293945,280.0,86.40282550788801,86.66417966742497,86.00594589745775,86.1511459350586,22736100.0
2025-02-11,602.55,605.86,602.43,605.21,24655512.0,16.1299991607666,16.420000076293945,15.75,16.020000457763672,0.0,0.0025,0.006,52.5,52.54999923706055,51.310001373291016,51.310001373291016,100.0,85.69618568185311,85.8413857133851,85.55098565032114,85.5993881225586,21513000.0
2025-02-12,599.2,604.55,598.51,603.36,37238645.0,15.90999984741211,17.18000030517578,15.640000343322754,15.890000343322754,0.0,0.0026,0.006,52.09999847412109,52.400001525878906,51.59999847412109,51.59999847412109,1760.0,84.49588987070766,84.79596455619739,84.0796536689729,84.43781280517578,48536200.0
2025-02-13,604.48,609.94,603.2,609.69,34378600.0,15.970000267028809,16.329999923706055,14.979999542236328,15.100000381469728,0.0,0.0021,0.006,51.02999877929688,53.900001525878906,51.0,51.400001525878906,270.0,85.27026673854442,86.04466197581264,85.25091018094386,85.84138488769531,42718100.0
2025-02-14,609.94,610.99,609.07,609.7,22777444.0,15.079999923706056,15.420000076293944,14.739999771118164,14.770000457763672,0.0,0.0021,0.006,53.0,53.0,51.209999084472656,51.29999923706055,160.0,86.51897458657002,86.80937464484408,86.26730241359145,86.29634094238281,27460700.0
2025-02-17,609.94,610.99,609.07,609.7,22777444.0,15.079999923706056,15.420000076293944,14.739999771118164,14.770000457763672,0.0,0.0021,0.006,53.0,53.0,51.209999084472656,51.29999923706055,160.0,86.51897458657002,86.80937464484408,86.26730241359145,86.29634094238281,27460700.0
2025-02-18,610.88,611.38,608.38,611.35,23186151.0,15.56999969482422,16.030000686645508,15.350000381469728,15.350000381469728,0.0,0.0026,0.006,51.0,51.09999847412109,51.0,51.09999847412109,100.0,85.70587114338598,85.9962638330947,85.22187594202407,85.27995300292969,29429200.0
2025-02-19,610.08,613.23,609.56,612.9,25878074.0,15.140000343322754,15.960000038146973,15.050000190734863,15.270000457763672,0.0,0.0025,0.006,51.0,54.400001525878906,50.29999923706055,51.25,970.0,85.13474927136976,85.61874445173044,85.07667221298419,85.38642883300781,20584300.0
2025-02-20,611.54,611.684,607.02,610.39,31571336.0,15.609999656677246,16.6299991607666,15.119999885559082,15.65999984741211,0.0,0.0022,0.006,51.0,51.0,50.09999847412109,50.09999847412109,140.0,85.61874860504625,85.91883065334932,85.61874860504625,85.70587158203125,27913400.0
2025-02-21,610.16,610.3,599.47,600.0,60765834.0,15.630000114440918,19.030000686645508,15.279999732971191,18.209999084472656,0.0,0.0023,0.006,50.09999847412109,51.5,50.0,50.0,180.0,86.02529694248494,87.05136425336778,85.97689447548196,86.74160766601562,46912300.0
2025-02-24,602.02,603.03,596.49,597.2,40678955.0,18.07999992370605,20.239999771118164,17.309999465942383,18.979999542236328,0.0,0.0027,0.006,51.0,51.0,47.5,47.5,460.0,86.47058568045736,87.17721454881803,86.40282664670796,86.99330139160156,26218000.0
2025-02-25,597.15,597.89,589.56,594.21,49718868.0,19.09000015258789,21.479999542236328,18.850000381469727,19.43000030517578,0.0,0.0023,0.006,47.5,49.34999847412109,47.5,47.5,220.0,88.05809012424757,88.57112386775427,87.89353352447766,88.49368286132812,50125100.0
2025-02-26,595.93,599.58,591.8556,594.43,36856743.0,18.959999084472656,20.059999465942383,17.829999923706055,19.100000381469727,0.0,0.002,0.006,47.5,49.20000076293945,47.5,47.59999847412109,60.0,88.4936722863126,89.11318549332805,88.2807132366798,89.01638793945312,32220200.0
2025-02-27,596.85,598.02,584.65,585.04,57028637.0,18.25,21.46999931335449,17.670000076293945,21.1299991607666,0.0,0.0022,0.006,47.59999847412109,49.400001525878906,47.5,47.5,360.0,88.38719177246094,88.85183036511329,88.22263519419694,88.38719177246094,53373600.0
2025-02-28,585.56,594.72,582.44,594.07,70320224.0,21.209999084472656,22.399999618530277,19.049999237060547,19.6299991607666,0.0,0.0025,0.006,47.5,49.7599983215332,46.0,48.400001525878906,580.0,88.90990784600487,89.51974646335852,88.54207418956071,89.47134399414062,49388600.0
2025-03-01,585.56,594.72,582.44,594.07,70320224.0,21.209999084472656,22.399999618530277,19.049999237060547,19.6299991607666,0.0,0.0025,0.0064,47.5,49.7599983215332,46.0,48.400001525878906,580.0,88.90990784600487,89.51974646335852,88.54207418956071,89.47134399414062,49388600.0
2025-03-03,596.18,597.34,579.9,583.97,62748310.0,19.82999992370605,24.309999465942383,19.25,22.780000686645508,0.0,0.002,0.0064,45.0,46.59999847412109,42.0,42.0,780.0,88.76250161449201,90.02484535318047,88.7236592429043,89.88890075683594,42904200.0
2025-03-04,579.71,585.39,572.25,576.87,88966715.0,22.959999084472656,26.350000381469727,21.709999084472656,23.51000022888184,0.0,0.0026,0.0064,45.0,45.5,39.5,42.5099983215332,13850.0,89.76265549409528,90.10251693531391,88.62653666427329,88.78190612792969,56722000.0
2025-03-05,576.69,584.88,573.0795,583.05,61233169.0,23.030000686645508,24.84000015258789,21.3700008392334,21.93000030517578,0.0,0.0029,0.0064,42.29999923706055,42.29999923706055,31.600000381469727,32.900001525878906,3420.0,88.90814385123971,89.1411980613784,87.9856616801529,88.07305145263672,50215900.0
2025-03-06,575.48,580.1736,570.12,572.8,65316489.0,22.600000381469727,25.920000076293945,22.38999938964844,24.8700008392334,0.0,0.0033,0.0064,31.899999618530277,32.5,27.5,30.600000381469727,1590.0,87.85943064833802,88.17016219068763,87.13115290141634,87.78174591064453,42827500.0
2025-03-07,570.9,577.39,565.63,575.85,70609248.0,24.850000381469727,26.559999465942383,23.09000015258789,23.3700008392334,0.0,0.0033,0.0064,33.29999923706055,36.0,29.149999618530277,35.58000183105469,1630.0,88.5003196031316,88.51974449360863,87.38362547030354,87.50015258789062,36903600.0
2025-03-10,567.59,569.54,555.59,560.75,80004157.0,24.700000762939453,29.559999465942383,24.68000030517578,27.86000061035156,0.0,0.0033,0.0064,31.0,33.20000076293945,27.0,30.0,5750.0,88.44204801424593,88.97611389670492,88.2769735092181,88.41291809082031,41440800.0
2025-03-11,559.4,564.02,552.02,556.12,74737657.0,27.940000534057617,29.56999969482422,26.18000030517578,26.920000076293945,0.0,0.0034,0.0064,28.100000381469727,33.5,28.0,29.100000381469727,1840.0,88.33523670196803,88.84017268012701,87.52927421735286,87.78174591064453,40555700.0
2025-03-12,562.17,563.11,553.69,558.91,56307805.0,26.8799991607666,26.90999984741211,23.88999938964844,24.229999542236328,0.0,0.0031,0.0064,29.299999237060547,29.71999931335449,27.200000762939453,27.700000762939453,700.0,87.39333748226586,87.76232890682465,87.17970813862787,87.25739288330078,32734600.0
2025-03-13,558.49,559.105,549.68,551.51,57085041.0,24.920000076293945,26.1299991607666,23.459999084472656,24.65999984741211,0.0,0.0033,0.0064,27.700000762939453,29.100000381469727,25.799999237060547,27.100000381469727,830.0,86.98550385992509,88.082773099038,86.79129199785311,88.0245132446289,38675400.0
2025-03-14,556.11,563.83,551.4917,562.79,53646406.0,24.350000381469727,24.36000061035156,21.479999542236328,21.770000457763672,0.0,0.0029,0.0064,28.0,28.0,26.399999618530277,26.5,2040.0,87.40304095017336,87.79145722521812,87.25738392097854,87.55840301513672,24658000.0
2025-03-17,562.79,569.71,562.35,567.02,40699106.0,22.88999938964844,22.950000762939453,20.31999969482422,20.51000022888184,0.0,0.0025,0.0064,26.5,27.0,25.299999237060547,25.5,850.0,88.17017883429529,88.5391702953562,87.76233758862973,87.99539184570312,26700300.0
2025-03-18,564.8,565.02,559.06,561.05,44077733.0,20.82999992370605,22.56999969482422,20.40999984741211,21.700000762939453,0.0,0.0025,0.0064,25.200000762939453,27.100000381469727,24.5,24.5,1310.0,87.52927288895164,88.38378276533837,87.50985540903513,88.082763671875,23654700.0
2025-03-19,562.83,570.95,561.63,567.01,49305849.0,21.84000015258789,22.100000381469727,19.420000076293945,19.899999618530277,0.0,0.0026,0.0064,23.899999618530277,24.700000762939453,21.5,23.200000762939453,2780.0,88.05364313976331,88.57800405452916,87.76232905097393,88.5391616821289,31378700.0
2025-03-20,563.33,570.57,562.6012,565.68,49095365.0,19.520000457763672,21.170000076293945,19.299999237060547,19.799999237060547,0.0,0.0029,0.0064,24.299999237060547,24.299999237060547,21.0,21.799999237060547,2060.0,89.52961443218516,89.56845680379725,88.51974240397021,88.59741973876953,35645800.0
2025-03-21,559.28,564.89,558.03,564.19,63412227.0,20.020000457763672,21.13999938964844,19.149999618530277,19.280000686645508,0.0,0.0031,0.0064,20.899999618530277,21.299999237060547,19.200000762939453,20.5,1190.0,88.68480949372046,88.79162415459463,87.99537412434807,88.07305145263672,29192100.0
2025-03-24,570.8,575.15,570.2,574.02,45015370.0,19.1299991607666,19.13999938964844,17.459999084472656,17.479999542236328,0.0,0.003,0.0064,20.399999618530277,20.799999237060547,19.5,20.600000381469727,2090.0,87.58753675694915,87.6458040162213,87.10201824408706,87.16999053955078,27985600.0
2025-03-25,575.3,576.41,573.69,575.36,32520329.0,17.579999923706055,17.770000457763672,17.020000457763672,17.149999618530273,0.0,0.0035,0.0064,20.5,21.049999237060547,20.0,20.200000762939453,1660.0,86.97578654317876,87.47101750319304,86.91752669203282,87.16028594970703,22333800.0
2025-03-26,575.19,576.33,567.19,568.74,42684427.0,17.229999542236328,19.06999969482422,16.969999313354492,18.32999992370605,0.0,0.0037,0.0064,21.299999237060547,21.299999237060547,19.75,20.299999237060547,1770.0,86.8010011621638,87.00491805331299,86.5096870842794,86.58737182617188,25095600.0
2025-03-27,567.18,570.9,564.94,567.0,37442894.0,18.36000061035156,19.280000686645508,17.950000762939453,18.690000534057617,0.0,0.0041,0.0064,20.299999237060547,21.200000762939453,20.06999969482422,20.06999969482422,1660.0,86.27664789534927,86.4514348758491,86.06301854046887,86.33491516113281,23674500.0
2025-03-28,565.53,566.2675,555.07,555.83,58096451.0,19.07999992370605,22.18000030517578,18.920000076293945,21.649999618530277,0.0,0.0038,0.0064,20.0,20.5,19.700000762939453,19.700000762939453,510.0,87.2767946868016,87.72347077579214,87.20882239952964,87.52926635742188,39869400.0
2025-03-31,549.83,560.7112,546.87,559.15,68949148.0,24.11000061035156,24.799999237060547,21.670000076293945,22.280000686645508,0.0,0.0034,0.0064,20.399999618530277,20.5,18.299999237060547,18.299999237060547,830.0,88.58772078252328,88.6945280512563,87.74291581093188,88.39350891113281,38824300.0
2025-04-01,557.45,562.94,553.68,561.03,46689607.0,22.059999465942383,23.520000457763672,21.57999992370605,21.770000457763672,0.0,0.003,0.0073,19.309999465942383,19.309999465942383,11.600000381469728,14.0,13090.0,88.92558521560233,89.56877657886278,88.88660324494556,89.15946960449219,39800100.0
2025-04-02,555.05,567.42,554.81,564.65,47669610.0,22.299999237060547,23.65999984741211,20.68000030517578,21.51000022888184,0.0,0.0029,0.0073,14.0,15.199999809265137,13.0,14.399999618530272,5470.0,90.01705562251321,90.01705562251321,88.3506154566108,89.10099792480469,43488400.0
2025-04-03,545.11,547.97,536.9,537.64,101937404.0,26.3799991607666,30.020000457763672,24.93000030517578,30.020000457763672,0.0,0.0035,0.0073,14.800000190734863,14.800000190734863,12.0,13.399999618530272,1760.0,90.16324633072313,90.36790356981234,89.50056758834202,89.51031494140625,57467400.0
2025-04-04,523.67,525.87,505.06,505.5,172319539.0,30.1200008392334,45.61000061035156,29.989999771118164,45.310001373291016,0.0,0.0033,0.0073,13.699999809265137,13.699999809265137,11.600000381469728,12.5,3710.0,91.26445735751513,91.69324419258288,90.4555981425367,90.48483276367188,92794200.0
2025-04-07,489.19,523.17,481.8,504.55,220202526.0,60.130001068115234,60.130001068115234,38.58000183105469,46.97999954223633,0.0,0.0042,0.0073,12.699999809265137,12.800000190734863,11.399999618530272,12.029999732971191,1620.0,89.53955120079955,89.84165967089268,87.51254039448406,87.75617218017578,124987600.0
2025-04-08,521.86,524.98,489.16,496.74,143596198.0,44.040000915527344,57.52000045776367,36.47999954223633,52.33000183105469,0.0,0.0055,0.0073,12.0,12.0,8.699999809265137,11.050000190734863,3120.0,87.00577488131137,87.90233799368718,85.972778575098,86.0994644165039,73861900.0
2025-04-09,493.44,546.33,493.05,543.37,199168623.0,50.97999954223633,57.959999084472656,31.899999618530277,33.619998931884766,0.0,0.0043,0.0073,11.100000381469728,11.100000381469728,10.199999809265137,10.600000381469728,600.0,85.04696729587333,86.64519840253892,83.70212272391977,86.60621643066406,131353500.0
2025-04-10,532.17,533.495,509.32,524.7,141691924.0,34.439998626708984,54.869998931884766,34.439998626708984,40.720001220703125,0.0,0.0056,0.0073,10.699999809265137,11.0,7.110000133514404,7.900000095367432,20660.0,85.50500336964498,85.93379766131466,84.15041133192655,84.2186279296875,78592000.0
2025-04-11,523.01,536.43,520.07,533.98,80410773.0,40.79999923706055,46.119998931884766,36.84999847412109,37.560001373291016,0.0,0.0052,0.0073,7.900000095367432,8.699999809265137,7.199999809265137,8.100000381469727,7050.0,83.68263672575732,85.07621064247074,82.83479555347398,84.67665100097656,94814100.0
2025-04-14,544.05,544.28,533.86,538.97,60546853.0,34.7599983215332,35.16999816894531,29.75,30.88999938964844,0.0,0.0054,0.0073,8.300000190734863,9.630000114440918,8.100000381469727,8.600000381469727,3720.0,85.17366233475614,85.47576332925607,84.60843488339088,85.2808609008789,37596400.0
2025-04-15,539.675,543.23,536.81,537.72,48380559.0,30.01000022888184,31.450000762939453,28.290000915527344,30.1200008392334,0.0,0.0051,0.0073,8.430000305175781,8.899999618530273,8.199999809265137,8.869999885559082,1180.0,84.9300382926275,85.94354736931841,84.8228397167721,85.58296966552734,22553900.0
2025-04-16,531.68,537.8854,520.29,525.73,66951216.0,33.2400016784668,34.959999084472656,29.479999542236328,32.63999938964844,0.0,0.0052,0.0073,8.899999618530273,8.899999618530273,8.199999809265137,8.789999961853027,1890.0,85.56348237197669,86.24564836809915,85.24188664449679,86.06048583984375,35607300.0
2025-04-17,527.64,531.165,523.91,526.39,66439704.0,30.790000915527344,32.54999923706055,29.56999969482422,29.649999618530277,0.0,0.0053,0.0073,8.600000381469727,9.869999885559082,8.100000381469727,9.350000381469728,1980.0,85.79734954813209,85.95326998659644,85.00798513485272,85.30033874511719,31758400.0
2025-04-18,527.64,531.165,523.91,526.39,66439704.0,30.790000915527344,32.54999923706055,29.56999969482422,29.649999618530277,0.0,0.0053,0.0073,8.600000381469727,9.869999885559082,8.100000381469727,9.350000381469728,1980.0,85.79734954813209,85.95326998659644,85.00798513485272,85.30033874511719,31758400.0
2025-04-21,521.16,521.7,508.46,513.98,61071686.0,32.75,35.75,31.790000915527344,33.81999969482422,0.0,0.0067,0.0073,9.5,11.600000381469728,8.380000114440918,8.5,4190.0,84.39404091397084,84.85206981637884,83.78983890232739,83.809326171875,39343200.0
2025-04-22,520.14,529.305,519.1925,526.94,62828247.0,32.61000061035156,32.68000030517578,30.07999992370605,30.56999969482422,0.0,0.0065,0.0073,8.4399995803833,8.4399995803833,7.800000190734863,8.0,1880.0,84.60844288535748,84.80334533216782,84.1991432860247,84.27710723876953,32552100.0
2025-04-23,540.43,545.43,533.88,535.41,79342045.0,28.75,30.290000915527344,27.11000061035156,28.450000762939453,0.0,0.0059,0.0073,8.100000381469727,9.890000343322754,7.949999809265137,8.300000190734863,12520.0,86.6159552033921,86.79137035698677,84.94951496176812,85.09569549560547,44082200.0
2025-04-24,536.715,547.43,535.4504,546.54,51935347.0,28.690000534057617,29.65999984741211,26.36000061035156,26.46999931335449,0.0,0.0055,0.0073,8.0,9.0,8.0,8.699999809265137,4460.0,85.78761400806998,86.09946236298256,85.52449497910207,85.99226379394531,24190800.0
2025-04-25,546.65,551.05,543.69,550.52,49741044.0,26.21999931335449,27.200000762939453,24.84000015258789,24.84000015258789,0.0,0.0055,0.0073,8.25,8.979999542236328,8.25,8.59000015258789,300.0,86.63544925582636,86.84009902764109,86.34308819034774,86.62570190429688,22513900.0
2025-04-28,551.39,553.55,545.02,550.94,39943220.0,25.75,26.93000030517578,24.700000762939453,25.149999618530277,0.0,0.0056,0.0073,9.0,9.0,8.300000190734863,8.40999984741211,2730.0,86.40157031131609,87.24940407156105,86.35284098564746,87.17144012451172,20130500.0
2025-04-29,548.91,555.45,548.55,554.14,40285786.0,24.76000022888184,25.989999771118164,23.76000022888184,24.170000076293945,0.0,0.0054,0.0073,8.510000228881836,8.979999542236328,8.0,8.930000305175781,1760.0,87.0447550011788,87.91208347282942,87.02526773178215,87.90233612060547,22129500.0
2025-04-30,547.57,556.52,541.52,554.35,72364187.0,24.350000381469727,28.170000076293945,24.229999542236328,24.700000762939453,0.0,0.0057,0.0073,8.399999618530273,8.779999732971191,8.199999809265137,8.5,910.0,87.49304187882211,87.7561683595426,87.05450765769028,87.1909408569336,42630600.0
2025-05-01,560.37,564.0699,557.86,558.46,51819376.0,23.940000534057617,25.18000030517578,23.299999237060547,24.600000381469727,0.0,0.0055,0.0075,8.109999656677246,9.0,7.599999904632568,8.600000381469727,2340.0,87.30634906080522,87.32590803299676,86.36736168503634,86.74882507324219,29932800.0
2025-05-02,564.73,568.38,562.38,566.62,49172122.0,23.6299991607666,24.31999969482422,22.34000015258789,22.68000030517578,0.0,0.005,0.0075,9.0,9.0,8.850000381469727,8.850000381469727,520.0,85.79027853444482,86.14239976300493,85.62400113829392,85.80984497070312,32090400.0
2025-05-05,562.57,566.65,561.7,563.53,34004301.0,24.25,24.6299991607666,22.809999465942383,23.63999938964844,0.0,0.0053,0.0075,10.199999809265137,10.199999809265137,8.720000267028809,8.899999618530273,520.0,85.43815942110758,85.49685126892662,84.92954400193375,85.33056640625,22862800.0
2025-05-06,557.93,563.3476,556.96,558.8,40318220.0,23.96999931335449,25.11000061035156,23.899999618530277,24.76000022888184,0.0,0.0052,0.0075,8.6899995803833,9.100000381469728,8.420000076293945,9.100000381469728,1160.0,84.90020900389645,85.61422729492188,84.74370734632883,85.61422729492188,21095200.0
2025-05-07,560.15,563.82,556.04,561.23,45541383.0,24.559999465942383,25.6200008392334,23.290000915527344,23.549999237060547,0.0,0.0048,0.0075,8.720000267028809,8.720000267028809,8.399999618530273,8.399999618530273,380.0,85.99567133729683,86.27932493077488,85.8978615546098,85.97611236572266,23161600.0
2025-05-08,565.24,570.31,561.7,564.92,55524898.0,22.84000015258789,23.61000061035156,21.8799991607666,22.479999542236328,0.0,0.0047,0.0075,8.399999618530273,8.789999961853027,8.199999809265137,8.199999809265137,840.0,86.0934931807035,86.13261859174096,84.98822830292966,85.01757049560547,25483700.0
2025-05-09,566.48,567.5,562.7637,564.29,31561703.0,22.399999618530277,22.81999969482422,21.82999992370605,21.899999618530277,0.0,0.0049,0.0075,8.210000038146973,8.399999618530273,7.519999980926514,7.949999809265137,2940.0,85.09581336003782,85.39902593921208,85.01756254528046,85.14472198486328,17007900.0
2025-05-12,581.47,583.0,577.04,582.84,65384215.0,19.84000015258789,20.440000534057617,18.13999938964844,18.38999938964844,0.0,0.0047,0.0075,8.399999618530273,10.0,7.900000095367432,9.0600004196167,4800.0,84.48939034935675,84.88063700523674,84.30355397118096,84.35245513916016,32115000.0
2025-05-13,583.41,589.08,582.84,586.81,58851034.0,18.690000534057617,18.850000381469727,17.649999618530273,18.21999931335449,0.0,0.0047,0.0075,9.0,13.399999618530272,8.5,13.0,36670.0,84.2448539335006,84.40135556560409,83.62864554751232,84.0101089477539,53912200.0
2025-05-14,587.81,588.98,585.535,587.56,55161764.0,18.100000381469727,18.81999969482422,18.059999465942383,18.6200008392334,0.0,0.0048,0.0075,12.300000190734863,12.5,10.220000267028809,10.329999923706056,7060.0,83.8731797808883,83.99055601340463,83.33521470986649,83.45259094238281,42119800.0
2025-05-15,585.56,590.97,585.0969,590.41,61886936.0,19.190000534057617,19.3799991607666,17.770000457763672,17.829999923706055,0.0,0.0049,0.0075,10.5,11.0,10.0,10.399999618530272,2650.0,83.75580803487513,84.43070834878014,83.6090970643823,84.1861801147461,59448000.0
2025-05-16,591.25,594.5,589.28,594.29,59733337.0,17.959999084472656,17.959999084472656,17.149999618530273,17.239999771118164,0.0,0.0045,0.0075,10.199999809265137,11.5,9.140000343322754,10.199999809265137,289210.0,84.96866445800364,84.98822343119663,84.31332318870346,84.41114044189453,31778200.0
2025-05-19,588.1,595.54,588.1,594.94,59470708.0,19.84000015258789,19.920000076293945,17.920000076293945,18.13999938964844,0.0,0.0049,0.0075,12.300000190734863,13.0,8.979999542236328,8.979999542236328,1028740.0,83.05157023395834,84.23508595192963,82.97331941068522,84.16661834716797,49361900.0
2025-05-20,593.09,594.05,589.6,592.83,52767570.0,18.459999084472656,18.68000030517578,17.700000762939453,18.09000015258789,0.0,0.0051,0.0075,9.010000228881836,9.020000457763672,7.170000076293945,7.409999847412109,61530.0,83.56017303466797,83.72645041219229,83.19826862851963,83.56017303466797,35493100.0
2025-05-21,588.44,592.58,581.82,582.96,84344095.0,18.770000457763672,21.049999237060547,17.770000457763672,20.8700008392334,0.0,0.0058,0.0075,7.599999904632568,8.180000305175781,5.5,6.0,39250.0,82.82660037430875,83.19828058851232,81.92673830050487,82.13214111328125,77053100.0
2025-05-22,582.66,586.62,581.405,583.03,64458639.0,20.6200008392334,22.06999969482422,19.63999938964844,20.280000686645508,0.0,0.0054,0.0075,6.190000057220459,6.449999809265137,5.5,6.199999809265137,178550.0,81.69198789352194,82.58207423375255,81.47680931928613,82.56251525878906,61747900.0
2025-05-23,575.98,581.8101,575.6,579.16,63766587.0,20.13999938964844,25.530000686645508,19.82999992370605,22.290000915527344,0.0,0.0051,0.0075,5.889999866485596,6.099999904632568,5.5,5.599999904632568,74560.0,82.91462619868504,82.96353482802886,82.46469516587655,82.69944763183594,47139200.0
2025-05-26,575.98,581.8101,575.6,579.16,63766587.0,20.13999938964844,25.530000686645508,19.82999992370605,22.290000915527344,0.0,0.0051,0.0075,5.889999866485596,6.099999904632568,5.5,5.599999904632568,74560.0,82.91462619868504,82.96353482802886,82.46469516587655,82.69944763183594,47139200.0
2025-05-27,586.07,591.31,578.43,591.06,65745898.0,20.6299991607666,21.01000022888184,18.950000762939453,18.959999084472656,0.0,0.0051,0.0075,5.900000095367432,6.0,5.199999809265137,5.800000190734863,29210.0,83.48191956638188,84.14703651771976,83.28630000639163,83.85360717773438,56773400.0
2025-05-28,591.56,592.7688,586.985,587.71,57625268.0,19.209999084472656,19.43000030517578,18.68000030517578,19.309999465942383,0.0,0.0051,0.0075,5.889999866485596,5.889999866485596,5.199999809265137,5.360000133514404,14500.0,83.5406307394548,83.66778273663651,83.11025865297889,83.4917221069336,34806800.0
2025-05-29,593.06,593.2,586.07,590.0,61091803.0,18.25,20.200000762939453,18.11000061035156,19.18000030517578,0.0,0.0051,0.0075,5.480000019073486,5.550000190734863,5.110000133514404,5.300000190734863,12990.0,83.89273950995042,84.37202020023106,83.76558752038711,84.2644271850586,38933200.0
2025-05-30,588.93,591.1299,583.235,589.47,76966747.0,19.61000061035156,20.549999237060547,18.56999969482422,18.56999969482422,0.0,0.0052,0.0075,5.300000190734863,5.650000095367432,5.230000019073486,5.46999979019165,8960.0,84.20573483786406,84.57742251076874,84.00033202713685,84.3915786743164,49042100.0
2025-06-01,588.93,591.1299,583.235,589.47,76966747.0,19.61000061035156,20.549999237060547,18.56999969482422,18.56999969482422,0.0,0.0052,0.0069,5.300000190734863,5.650000095367432,5.230000019073486,5.46999979019165,8960.0,84.20573483786406,84.57742251076874,84.00033202713685,84.3915786743164,49042100.0
2025-06-02,587.76,592.79,585.06,592.65,54199270.0,19.809999465942383,20.450000762939453,18.36000061035156,18.36000061035156,0.0,0.0052,0.0069,5.809999942779541,6.849999904632568,5.340000152587891,6.360000133514404,49490.0,83.73379597236257,83.91051198440107,83.24291899338766,83.60617065429688,46213100.0
2025-06-03,592.34,597.08,591.85,596.11,56953396.0,18.82999992370605,19.209999084472656,17.639999389648438,17.690000534057617,0.0,0.005,0.0069,6.110000133514404,6.800000190734863,6.03000020980835,6.690000057220459,15890.0,83.8810702607764,84.1755919880952,83.34110252540822,83.45891571044922,33731300.0
2025-06-04,596.96,597.95,595.49,595.9,52192461.0,17.68000030517578,18.06999969482422,17.40999984741211,17.610000610351562,0.0,0.005,0.0069,6.679999828338623,6.679999828338623,6.199999809265137,6.210000038146973,7360.0,84.22467742450286,85.06898647239595,84.08723246230525,84.81372833251953,57441500.0
2025-06-05,597.63,599.0,591.05,593.0,82036316.0,17.68000030517578,18.799999237060547,17.079999923706055,18.479999542236328,0.0,0.0048,0.0069,6.760000228881836,6.78000020980835,6.119999885559082,6.199999809265137,8340.0,85.09844161557359,85.34388012882914,84.64683565000604,84.87263488769531,37664700.0
2025-06-06,598.66,600.83,596.86,599.03,59149391.0,18.15999984741211,18.350000381469727,16.649999618530273,16.770000457763672,0.0,0.0047,0.0069,6.150000095367432,6.699999809265137,6.150000095367432,6.53000020980835,165890.0,84.22468354326833,84.36212851545106,83.72398686449458,83.79270935058594,38130100.0
2025-06-09,599.72,601.25,598.49,599.56,47072848.0,17.690000534057617,17.719999313354492,16.81999969482422,17.15999984741211,0.0,0.0048,0.0069,7.210000038146973,7.900000095367432,6.699999809265137,7.489999771118164,42870.0,83.48835467126517,84.07740552816013,83.48835467126517,83.88105773925781,26560800.0
2025-06-10,600.22,603.47,599.09,603.06,55791487.0,17.5,17.989999771118164,16.68000030517578,16.950000762939453,0.0,0.0046,0.0069,7.159999847412109,8.25,6.909999847412109,7.510000228881836,41120.0,84.52902879327118,84.60757092103636,83.95960960225798,84.31304168701172,24857000.0
2025-06-11,604.19,605.06,599.27,601.4,65792132.0,17.040000915527344,18.09000015258789,16.229999542236328,17.260000228881836,0.0,0.0047,0.0069,7.699999809265137,8.0,6.789999961853027,7.860000133514404,19750.0,84.244310086101,84.82354885298315,84.14613618210757,84.56829071044922,36334800.0
2025-06-12,600.01,603.72,599.52,603.72,56579093.0,17.8700008392334,18.8700008392334,17.43000030517578,18.020000457763672,0.0,0.0046,0.0069,7.300000190734863,7.800000190734863,6.900000095367432,6.900000095367432,10110.0,85.30460835689078,85.60894971393057,85.01989878506465,85.57949829101562,43017800.0
2025-06-13,598.5,601.85,595.48,596.95,79271205.0,21.76000022888184,22.0,18.8799991607666,20.81999969482422,0.0,0.0045,0.0069,6.760000228881836,6.900000095367432,6.179999828338623,6.599999904632568,10720.0,85.14753252696579,85.2947896431357,84.21486168015183,84.75482940673828,49374000.0
2025-06-16,600.4,604.45,600.22,602.71,66938275.0,19.780000686645508,20.21999931335449,18.670000076293945,19.11000061035156,0.0,0.0049,0.0069,6.599999904632568,6.900000095367432,6.119999885559082,6.519999980926514,19890.0,84.50938597623059,84.85299837761788,83.90069580078125,83.90069580078125,36496600.0
2025-06-17,600.21,601.75,596.76,597.55,67877173.0,20.530000686645508,21.790000915527344,19.549999237060547,21.600000381469727,0.0,0.0045,0.0069,6.21999979019165,6.599999904632568,6.199999809265137,6.5,13590.0,84.43084540394689,85.07880665001196,84.18540689986565,84.92172241210938,34521600.0
2025-06-18,598.44,601.22,596.47,597.46,63772175.0,20.899999618530277,21.57999992370605,19.59000015258789,20.13999938964844,0.0,0.0044,0.0069,6.329999923706055,7.960000038146973,6.329999923706055,7.699999809265137,19410.0,85.29479185886498,85.50095931704756,84.77446339437712,85.0689926147461,38589000.0
2025-06-19,598.44,601.22,596.47,597.46,63772175.0,20.899999618530277,21.57999992370605,19.59000015258789,20.13999938964844,0.0,0.0044,0.0069,6.329999923706055,7.960000038146973,6.329999923706055,7.699999809265137,19410.0,85.29479185886498,85.50095931704756,84.77446339437712,85.0689926147461,38589000.0
2025-06-20,598.38,599.46,592.86,594.23,78654989.0,20.739999771118164,21.06999969482422,19.11000061035156,20.6200008392334,0.0,0.0048,0.0069,7.599999904632568,8.0,6.690000057220459,6.690000057220459,23180.0,84.568283372696,85.2064249285667,84.38174772816153,84.91189575195312,26001900.0
2025-06-23,595.04,600.54,591.89,600.13,77418208.0,21.149999618530277,22.51000022888184,19.81999969482422,19.82999992370605,0.0,0.005,0.0069,6.880000114440918,7.360000133514404,6.699999809265137,6.889999866485596,4290.0,85.34387470009072,85.84457133253558,85.1867904663086,85.1867904663086,36851800.0
2025-06-24,604.33,607.8499,603.41,606.77,58592587.0,18.190000534057617,18.71999931335449,17.329999923706055,17.479999542236328,0.0,0.0055,0.0069,6.889999866485596,8.5,6.889999866485596,7.489999771118164,22000.0,84.89225881828767,85.99181836519716,84.85298776444267,85.80529022216797,32959100.0
2025-06-25,607.91,608.61,605.54,607.08,55797772.0,17.280000686645508,17.510000228881836,16.68000030517578,16.760000228881836,0.0,0.0055,0.0069,7.260000228881836,7.829999923706055,7.110000133514404,7.360000133514404,6230.0,85.52059644000515,85.91329956054688,85.21625507942511,85.91329956054688,26345300.0
2025-06-26,608.99,612.31,608.37,611.89,68095111.0,16.670000076293945,16.780000686645508,16.110000610351562,16.59000015258789,0.0,0.0056,0.0069,7.489999771118164,7.699999809265137,6.909999847412109,7.159999847412109,5510.0,85.99182858370109,86.34526062011719,85.6089451259484,86.34526062011719,30467500.0
2025-06-27,612.88,616.39,610.83,614.86,77906023.0,16.309999465942383,17.290000915527344,16.1200008392334,16.31999969482422,0.0,0.0056,0.0069,7.300000190734863,7.300000190734863,6.699999809265137,6.920000076293945,5230.0,85.97219483497065,86.55143357204516,85.64821422729449,85.79547882080078,74993500.0
2025-06-30,617.38,619.22,615.04,617.88,77922611.0,17.190000534057617,17.43000030517578,16.549999237060547,16.729999542236328,0.0,0.0052,0.0069,7.0,7.099999904632568,6.670000076293945,6.800000190734863,2770.0,86.25690232673476,86.8263214132709,86.01146384014382,86.63978576660156,53695200.0
2025-07-01,616.36,618.83,615.52,617.56,63299659.0,16.979999542236328,17.479999542236328,16.510000228881836,16.829999923706055,0.0,0.0048,0.0065,7.099999904632568,7.099999904632568,6.71999979019165,6.71999979019165,1740.0,86.8447579872195,87.02213326723529,86.38161852319148,86.8546142578125,38960600.0
2025-07-02,617.24,620.49,616.61,620.38,57501410.0,16.75,17.3700008392334,16.540000915527344,16.639999389648438,0.0,0.0052,0.0065,6.690000057220459,6.989999771118164,6.199999809265137,6.889999866485596,2200.0,85.91846831213105,86.31262890345842,85.82977691639044,86.30278015136719,39382200.0
2025-07-03,622.45,626.28,622.43,625.34,44140901.0,16.649999618530273,16.829999923706055,16.139999389648438,16.3799991607666,0.0,0.0047,0.0065,6.800000190734863,7.099999904632568,6.800000190734863,6.800000190734863,2120.0,85.89875571056251,86.0170083987554,85.58342272684618,85.70167541503906,26729100.0
2025-07-04,622.45,626.28,622.43,625.34,44140901.0,16.649999618530273,16.829999923706055,16.139999389648438,16.3799991607666,0.0,0.0047,0.0065,6.800000190734863,7.099999904632568,6.800000190734863,6.800000190734863,2120.0,85.89875571056251,86.0170083987554,85.58342272684618,85.70167541503906,26729100.0
2025-07-07,623.36,624.03,617.87,620.78,67346637.0,17.829999923706055,18.5,17.510000228881836,17.790000915527344,0.0,0.005,0.0065,7.199999809265137,7.199999809265137,6.579999923706055,6.75,4470.0,85.27794955867077,85.29765458178977,84.66698858813797,84.88378143310547,38314700.0
2025-07-08,621.35,622.11,619.52,620.31,55164559.0,17.40999984741211,17.440000534057617,16.540000915527344,16.809999465942383,0.0,0.0052,0.0065,7.050000190734863,7.199999809265137,6.800000190734863,7.050000190734863,4850.0,84.32208470472521,84.78523163571498,84.19398327369582,84.77537536621094,31407000.0
2025-07-09,622.77,624.72,620.9105,624.02,58838225.0,16.760000228881836,16.760000228881836,15.760000228881836,15.9399995803833,0.0,0.0048,0.0065,7.050000190734863,7.539999961853027,7.0,7.449999809265137,6380.0,84.93305581270462,85.66226196289062,84.92319954201608,85.66226196289062,29821900.0
2025-07-10,624.2,626.8701,623.01,625.84,51938929.0,16.229999542236328,16.239999771118164,15.699999809265137,15.779999732971191,0.0,0.0049,0.0065,7.599999904632568,7.960000038146973,7.400000095367432,7.699999809265137,3870.0,85.56372702054934,85.79036863326444,85.22868145992278,85.72138977050781,24525500.0
2025-07-11,622.74,624.86,621.53,623.61,57519132.0,16.40999984741211,17.239999771118164,15.979999542236328,16.399999618530273,0.0,0.0053,0.0065,7.699999809265137,7.699999809265137,6.71999979019165,7.0,13480.0,84.97247271325244,85.01188275943518,84.39107303727971,84.53888702392578,40764800.0
2025-07-14,623.16,625.1581,621.7999,624.74,46876824.0,17.729999542236328,17.850000381469727,16.90999984741211,17.200000762939453,0.0,0.0053,0.0065,7.0,7.03000020980835,5.5,5.5,363860.0,84.29252474971473,84.62756273685198,84.07573192597606,84.36150360107422,24609500.0
2025-07-15,627.52,627.86,622.075,622.12,66181039.0,16.889999389648438,17.389999389648438,16.559999465942383,17.3799991607666,0.0,0.0055,0.0065,7.269999980926514,7.340000152587891,5.949999809265137,6.96999979019165,1894580.0,84.63742753608965,84.65714007739663,83.66186724908171,83.770263671875,40455000.0
2025-07-16,623.74,624.73,618.05,624.18,82785994.0,17.65999984741211,19.479999542236328,16.690000534057617,17.15999984741211,0.0,0.0058,0.0065,6.46999979019165,6.800000190734863,5.889999866485596,5.900000095367432,88180.0,84.03631800710488,84.41078108910995,82.96221762965747,83.88850402832031,65987700.0
2025-07-17,624.4,628.4048,624.18,627.98,60298110.0,17.15999984741211,17.3700008392334,16.479999542236328,16.520000457763672,0.0,0.0056,0.0065,5.670000076293945,6.400000095367432,5.550000190734863,6.199999809265137,36940.0,83.97719371661032,84.24325285851178,83.75054461799483,83.8687973022461,31875500.0
2025-07-18,629.3,629.47,626.46,627.58,53910955.0,16.43000030517578,16.809999465942383,16.280000686645508,16.40999984741211,0.0,0.0056,0.0065,6.010000228881836,6.989999771118164,5.940000057220459,6.800000190734863,32410.0,84.18413401132757,84.21369530416946,83.85894475380385,83.99690246582031,27534900.0
2025-07-21,628.77,631.54,628.34,628.75,56002472.0,16.8700008392334,16.989999771118164,16.299999237060547,16.649999618530273,0.0,0.0053,0.0065,6.699999809265137,6.900000095367432,6.5,6.849999904632568,22890.0,84.9626119249327,85.24838361241801,84.70640152957843,84.74581909179688,40019500.0
2025-07-22,629.1,629.73,626.19,628.83,54404416.0,16.75,17.479999542236328,16.43000030517578,16.5,0.0,0.0052,0.0065,6.849999904632568,7.800000190734863,6.599999904632568,7.409999847412109,21300.0,84.91333784595379,85.50458624125041,84.8542152618635,85.25823211669922,35190300.0
2025-07-23,631.55,634.16,629.73,634.16,61691712.0,16.229999542236328,16.31999969482422,15.31999969482422,15.369999885559082,0.0,0.0052,0.0065,7.170000076293945,7.75,6.900000095367432,7.559999942779541,9270.0,84.7950964438364,84.94290291062674,84.53888603784716,84.78524017333984,31008500.0
2025-07-24,634.6,636.15,633.99,634.43,63840874.0,15.390000343322754,15.539999961853027,14.949999809265137,15.390000343322754,0.0,0.0052,0.0065,7.599999904632568,7.599999904632568,6.75,7.5,7240.0,84.30239025983035,84.98232257829302,84.26297269499992,84.6374282836914,25164800.0
2025-07-25,635.09,637.5799,634.84,637.03,49383582.0,15.329999923706056,15.390000343322754,14.920000076293944,14.93000030517578,0.0,0.0049,0.0065,7.099999904632568,7.869999885559082,6.840000152587891,7.699999809265137,7210.0,84.548738348827,85.17940430470293,84.4699032248097,85.16954803466797,27196200.0
2025-07-28,637.48,638.04,635.54,636.92,48438731.0,15.149999618530272,15.539999961853027,15.0,15.029999732971191,0.0,0.0051,0.0065,7.309999942779541,7.599999904632568,6.929999828338623,7.380000114440918,3120.0,84.73595909154146,84.94289564548029,84.57829636773941,84.61771392822266,26812500.0
2025-07-29,638.35,638.67,634.335,635.24,55493688.0,14.949999809265137,16.1200008392334,14.699999809265137,15.979999542236328,0.0,0.0048,0.0065,7.480000019073486,7.480000019073486,6.940000057220459,6.980000019073486,3070.0,84.97246943113312,86.06627484654899,84.9429006204407,86.04656982421875,47828300.0
2025-07-30,635.92,637.68,631.54,634.49,68938544.0,15.869999885559082,17.270000457763672,15.4399995803833,15.479999542236328,0.0,0.0044,0.0065,7.130000114440918,7.130000114440918,6.349999904632568,6.409999847412109,6640.0,85.50458649066051,85.69181803166755,85.29764992760964,85.60313415527344,40670900.0
2025-07-31,639.455,639.85,630.765,631.97,89096456.0,14.989999771118164,17.170000076293945,14.739999771118164,16.719999313354492,0.0,0.0043,0.0065,6.800000190734863,7.099999904632568,6.139999866485596,6.519999980926514,7200.0,85.85934135863388,86.13526430806904,85.5735696567462,85.65240478515625,49814100.0
2025-08-01,626.3,626.34,619.29,621.71,125835004.0,17.399999618530273,21.899999618530277,17.389999389648438,20.3799991607666,0.0,0.0054,0.0065,6.340000152587891,6.519999980926514,6.25,6.309999942779541,1790.0,86.61289687047763,86.97889744865327,86.57332862849617,86.87008666992188,63434500.0
2025-08-04,625.67,631.215,625.58,631.09,63750395.0,19.559999465942383,19.57999992370605,17.479999542236328,17.520000457763672,0.0,0.0053,0.0065,6.5,6.5,6.110000133514404,6.230000019073486,1990.0,87.00857370580142,87.19652097273467,86.7019292571172,87.10749053955078,36425200.0
2025-08-05,631.79,632.6052,627.04,628.0,61862602.0,17.209999084472656,18.940000534057617,17.110000610351562,17.850000381469727,0.0,0.005,0.0065,6.320000171661377,6.630000114440918,6.170000076293945,6.28000020980835,1850.0,86.89976139464996,87.49326993356743,86.83051885755744,87.37457275390625,28586100.0
2025-08-06,629.05,633.44,628.13,632.67,57454767.0,17.219999313354492,17.8799991607666,16.559999465942383,16.770000457763672,0.0,0.0053,0.0065,6.420000076293945,6.78000020980835,6.28000020980835,6.619999885559082,1380.0,86.88986701747736,87.09760217459765,85.97982009251525,86.87008666992188,42589300.0
2025-08-07,636.24,636.98,629.11,632.3,66698372.0,16.40999984741211,17.639999389648438,15.979999542236328,16.56999969482422,0.0,0.0051,0.0065,6.599999904632568,7.010000228881836,6.320000171661377,6.320000171661377,7040.0,86.96899841344718,87.29543073054391,86.64256609635044,86.7217025756836,29213100.0
2025-08-08,634.06,637.645,633.74,637.14,55648512.0,16.479999542236328,16.520000457763672,15.149999618530272,15.149999618530272,0.0,0.0051,0.0065,6.510000228881836,6.769999980926514,6.119999885559082,6.119999885559082,3800.0,86.41506773569083,86.44474203201426,86.20734011455586,86.3458251953125,21596300.0
2025-08-11,637.46,638.95,634.66,635.83,53161034.0,15.8100004196167,16.360000610351562,15.520000457763672,16.25,0.0,0.0051,0.0065,6.099999904632568,6.659999847412109,6.0,6.159999847412109,1690.0,86.59311932091744,86.72171045135934,86.33592951316287,86.44474029541016,20100900.0
2025-08-12,638.29,642.85,636.79,642.64,55500803.0,16.09000015258789,16.559999465942383,14.65999984741211,14.729999542236328,0.0,0.0057,0.0065,6.159999847412109,6.159999847412109,5.440000057220459,5.710000038146973,9390.0,85.96004395144736,86.02928649158571,85.61383125075565,86.0094985961914,41052300.0
2025-08-13,644.91,646.19,642.68,644.88,53850502.0,14.619999885559082,14.8100004196167,14.300000190734863,14.489999771118164,0.0,0.0057,0.0065,5.699999809265137,6.25,5.699999809265137,6.0,7050.0,86.49419463118834,86.8601876410816,86.48430068455417,86.7217025756836,30817500.0
2025-08-14,642.79,645.62,642.34,644.94,49727467.0,14.65999984741211,15.390000343322754,14.56999969482422,14.829999923706056,0.0,0.0055,0.0065,6.0,6.0,5.610000133514404,5.980000019073486,4590.0,86.5634483191833,86.5634483191833,85.95015184562185,86.07874298095703,33397400.0
2025-08-15,645.99,646.09,642.5153,643.44,58750680.0,14.43000030517578,15.18000030517578,14.399999618530272,15.09000015258789,0.0,0.0058,0.0065,6.0,6.079999923706055,5.71999979019165,5.75,5470.0,85.72263626689266,85.84133344378841,85.31706745417793,85.46544647216797,36343600.0
2025-08-18,642.86,644.0,642.18,643.27,39597551.0,15.729999542236328,15.949999809265137,14.949999809265137,14.989999771118164,0.0,0.0057,0.0065,5.900000095367432,6.170000076293945,5.730000019073486,6.159999847412109,3480.0,85.56436760202244,85.60393584526636,85.05988193425088,85.21815490722656,26777500.0
2025-08-19,643.12,644.105,638.48,639.77,60313996.0,15.229999542236328,15.90999984741211,14.760000228881836,15.56999969482422,0.0,0.0055,0.0065,6.159999847412109,6.329999923706055,5.71999979019165,5.920000076293945,7770.0,85.51491206428683,85.81167013826857,85.51491206428683,85.71275329589844,28780600.0
2025-08-20,639.4,639.66,632.95,638.06,77223809.0,15.949999809265137,17.190000534057617,15.56999969482422,15.6899995803833,0.0,0.0055,0.0065,6.059999942779541,6.199999809265137,5.710000038146973,6.0,2470.0,85.65338469858912,86.02927921055873,85.62371040487999,85.90068054199219,25912500.0
2025-08-21,636.28,637.97,633.81,635.58,46493180.0,15.720000267028809,17.239999771118164,15.649999618530272,16.600000381469727,0.0,0.0054,0.0065,6.099999904632568,6.199999809265137,5.809999942779541,5.980000019073486,2220.0,85.6237132703861,85.74241799606546,85.17858375611185,85.475341796875,28643900.0
2025-08-22,637.76,646.5,637.25,645.27,77129969.0,16.809999465942383,16.829999923706055,14.210000038146973,14.220000267028809,0.0,0.0058,0.0065,5.75,7.800000190734863,5.75,7.349999904632568,399000.0,85.8907997617509,86.35571718526698,85.78198897978456,86.1084213256836,49871900.0
2025-08-25,644.04,645.29,642.35,642.47,45838210.0,15.050000190734863,15.1899995803833,14.239999771118164,14.789999961853027,0.0,0.0055,0.0065,7.400000095367432,7.400000095367432,6.46999979019165,6.599999904632568,73580.0,85.79187959522845,86.10841798132634,85.71274311198637,85.86112213134766,27011900.0
2025-08-26,642.2,645.51,641.57,645.13,45075107.0,15.75,15.75,14.619999885559082,14.619999885559082,0.0,0.0065,0.0065,6.550000190734863,7.300000190734863,6.550000190734863,6.860000133514404,18500.0,85.57425886146612,85.85122900860256,85.2873947671118,85.81166076660156,30259300.0
2025-08-27,644.57,647.37,644.42,646.62,40386363.0,14.65999984741211,15.229999542236328,14.65999984741211,14.850000381469728,0.0,0.0065,0.0065,6.78000020980835,6.78000020980835,6.21999979019165,6.21999979019165,11060.0,85.17859329085411,85.72264724419684,85.06978250018555,85.71275329589844,38142800.0
2025-08-28,647.24,649.48,645.34,648.89,55042031.0,14.420000076293944,14.6899995803833,14.119999885559082,14.43000030517578,0.0,0.006,0.0065,6.699999809265137,6.699999809265137,6.03000020980835,6.179999828338623,1193990.0,85.8413376821185,86.31614905375588,85.72264049936221,86.27658081054688,32205900.0
2025-08-29,647.47,647.84,643.14,645.04,63603293.0,14.3100004196167,15.970000267028809,14.3100004196167,15.359999656677246,0.0,0.0064,0.0065,11.350000381469728,13.100000381469728,8.8100004196167,10.699999809265137,10527470.0,85.82155727448418,85.9204741090028,85.50501887590217,85.66328430175781,41686400.0
2025-09-01,647.47,647.84,643.14,645.04,63603293.0,14.3100004196167,15.970000267028809,14.3100004196167,15.359999656677246,0.0,0.0064,0.0062,11.350000381469728,13.100000381469728,8.8100004196167,10.699999809265137,10527470.0,85.82155727448418,85.9204741090028,85.50501887590217,85.66328430175781,41686400.0
2025-09-02,637.5,640.49,634.92,640.33,67414568.0,16.649999618530273,19.3799991607666,16.549999237060547,17.170000076293945,0.0,0.0062,0.0062,9.31999969482422,10.399999618530272,8.600000381469727,9.149999618530272,356970.0,85.02581024169922,85.23432761738546,84.87687467018273,85.02581024169922,48760600.0
2025-09-03,642.67,644.21,640.46,643.64,62443736.0,17.399999618530273,17.56999969482422,16.34000015258789,16.350000381469727,0.0,0.0061,0.0062,9.31999969482422,13.100000381469728,9.199999809265137,10.5,1502500.0,85.32369903033165,86.19748723621429,85.28398035157835,85.95918273925781,52499500.0
2025-09-04,644.42,649.15,643.51,648.99,55013135.0,16.219999313354492,16.350000381469727,15.279999732971191,15.300000190734863,0.0,0.0058,0.0062,9.699999809265137,11.550000190734863,9.699999809265137,10.800000190734863,141160.0,86.40599989536011,86.62444882878198,85.9691096040793,86.6145248413086,40501600.0
2025-09-05,651.48,652.21,643.33,647.21,76562655.0,15.229999542236328,16.920000076293945,14.739999771118164,15.18000030517578,0.0,0.0059,0.0062,10.5,11.800000190734863,10.5,10.800000190734863,82410.0,87.59754510006282,87.98479276103552,87.51810773997519,87.93514251708984,69668000.0
2025-09-08,648.62,649.84,647.23,648.8,55272691.0,15.579999923706056,15.649999618530272,14.989999771118164,15.109999656677246,0.0,0.0056,0.0062,10.600000381469728,11.100000381469728,8.5,8.550000190734863,97930.0,88.54083362524074,89.12667465000617,88.49119095994534,89.1068115234375,54538700.0
2025-09-09,648.97,650.86,647.22,650.33,51134294.0,15.020000457763672,15.81999969482422,14.970000267028809,15.039999961853027,0.0,0.0054,0.0062,7.5,8.0,7.110000133514404,7.300000190734863,48620.0,88.76921679390877,88.91815994539526,88.36210601821658,88.60041809082031,37126400.0
2025-09-10,653.62,654.55,650.63,652.225,67183887.0,14.979999542236328,15.630000114440918,14.630000114440918,15.350000381469728,0.0,0.005,0.0062,6.699999809265137,7.849999904632568,6.699999809265137,7.010000228881836,39090.0,88.76921412740157,89.43448493175224,88.5606967518094,89.1068115234375,40713600.0
2025-09-11,654.18,658.33,653.59,657.61,61392689.0,15.1899995803833,15.239999771118164,14.649999618530272,14.710000038146973,0.0,0.0049,0.0062,7.0,7.900000095367432,6.989999771118164,7.730000019073486,48940.0,89.27561694874508,89.84159484156407,89.26568538555512,89.70257568359375,46694400.0
2025-09-12,657.6,659.11,656.9,657.42,62808824.0,14.619999885559082,14.970000267028809,14.40999984741211,14.760000228881836,0.0,0.005,0.0062,7.800000190734863,7.940000057220459,7.5,7.610000133514404,15040.0,89.19618204606876,89.34512519575996,88.85857706839784,89.3153305053711,32968600.0
2025-09-15,659.64,661.04,659.34,660.85,57475617.0,15.140000343322754,15.84000015258789,14.920000076293944,15.6899995803833,0.0,0.0051,0.0062,7.78000020980835,7.800000190734863,7.110000133514404,7.159999847412109,14070.0,89.5139255530525,89.82173584602985,89.43448819500563,89.52385711669922,24820100.0
2025-09-16,661.47,661.78,659.21,659.93,54611398.0,15.600000381469728,16.3799991607666,15.4399995803833,16.360000610351562,0.0,0.0053,0.0062,7.199999809265137,7.25,6.599999904632568,6.929999828338623,14680.0,89.45434153578368,89.86145230403919,89.40469886990392,89.71250915527344,26794200.0
2025-09-17,660.01,661.72,654.3,659.18,82812701.0,16.420000076293945,16.75,15.260000228881836,15.720000267028809,0.0,0.0054,0.0062,6.96999979019165,7.199999809265137,6.710000038146973,6.710000038146973,11670.0,90.06997195968201,90.39764538013988,89.23590242640388,89.48413848876953,49121800.0
2025-09-18,661.89,664.89,660.27,662.28,80973373.0,14.93000030517578,15.800000190734863,14.329999923706056,15.699999809265137,0.0,0.0054,0.0062,6.599999904632568,6.599999904632568,5.880000114440918,6.170000076293945,22380.0,88.63019762150006,88.83871498551198,88.27273711874741,88.5606918334961,55717900.0
2025-09-19,662.33,664.55,660.37,663.64,80737520.0,15.760000228881836,16.1299991607666,15.289999961853027,15.449999809265137,0.0,0.0057,0.0062,6.309999942779541,6.369999885559082,5.809999942779541,5.880000114440918,15470.0,88.44154172091314,88.60041643300957,88.1635185503076,88.39189147949219,32509200.0
2025-09-22,662.2,667.29,662.17,666.76,61169300.0,16.139999389648438,16.350000381469727,15.779999732971191,16.100000381469727,0.0,0.0054,0.0062,6.159999847412109,6.159999847412109,5.800000190734863,5.909999847412109,13610.0,88.19330612013655,88.28267504004289,87.91528294809603,88.07415008544922,24758200.0
2025-09-23,666.72,667.34,661.98,663.23,70164526.0,16.100000381469727,17.06999969482422,15.949999809265137,16.639999389648438,0.0,0.0059,0.0062,6.199999809265137,6.300000190734863,5.909999847412109,5.940000057220459,17200.0,88.34224461283887,88.72949223570575,88.12379568187544,88.68977355957031,26689000.0
2025-09-24,664.51,664.61,659.67,661.04,59721249.0,16.56999969482422,17.209999084472656,16.18000030517578,16.18000030517578,0.0,0.0059,0.0062,5.940000057220459,6.070000171661377,5.199999809265137,5.570000171661377,19080.0,88.45147338835248,88.53091074449415,88.07414973446123,88.35218048095703,28098000.0
2025-09-25,657.94,659.4056,654.405,657.95,79695420.0,16.549999237060547,17.739999771118164,16.31999969482422,16.739999771118164,0.0,0.0054,0.0062,5.559999942779541,5.590000152587891,5.360000133514404,5.369999885559082,9460.0,88.22309288333602,88.40182314687314,87.83584524159949,88.35218048095703,29882500.0
2025-09-26,659.51,662.37,657.88,661.75,59093432.0,16.889999389648438,17.049999237060547,15.289999961853027,15.289999961853027,0.0,0.0057,0.0062,5.800000190734863,5.840000152587891,5.300000190734863,5.539999961853027,41050.0,88.36210456918612,88.8387211310143,88.06422584666134,88.27274322509766,30955100.0
2025-09-29,664.36,665.28,661.86,663.61,65965732.0,15.84000015258789,16.290000915527344,15.739999771118164,16.1200008392334,0.0,0.0052,0.0062,5.300000190734863,5.699999809265137,5.099999904632568,5.650000095367432,9510.0,88.65999170748806,89.10681358329128,88.63020459250963,88.99758911132812,32286200.0
2025-09-30,662.93,666.65,661.61,666.11,68858823.0,16.489999771118164,16.700000762939453,16.020000457763672,16.280000686645508,0.0,0.0056,0.0062,5.699999809265137,5.800000190734863,5.349999904632568,5.739999771118164,7820.0,89.02738803967831,89.40470413997143,88.58055856704216,88.73943328857422,38584000.0
2025-10-01,663.17,669.37,663.06,668.51,62171756.0,17.280000686645508,17.280000686645508,15.979999542236328,16.290000915527344,0.0,0.0057,0.0062,5.550000190734863,6.25,5.550000190734863,6.039999961853027,20260.0,89.12801753167695,89.31733605047484,88.7693127602347,88.96859741210938,39408900.0
2025-10-02,670.45,670.565,666.78,669.17,50861626.0,16.1200008392334,16.920000076293945,15.93000030517578,16.6299991607666,0.0,0.0055,0.0062,6.039999961853027,6.400000095367432,6.0,6.28000020980835,7940.0,88.98852716627904,89.36716422553205,88.86896397024766,89.22766876220703,23208300.0
2025-10-03,669.99,672.675,668.16,669.18,63486879.0,16.350000381469727,17.059999465942383,16.200000762939453,16.649999618530273,0.0,0.0055,0.0062,6.389999866485596,6.869999885559082,6.389999866485596,6.869999885559082,20830.0,89.30737343864553,89.39705343600811,88.94866865306012,89.05827331542969,25884500.0
2025-10-06,671.62,672.51,669.455,671.59,48800378.0,16.739999771118164,17.09000015258789,16.290000915527344,16.3700008392334,0.0,0.0058,0.0062,6.690000057220459,6.900000095367432,6.599999904632568,6.900000095367432,9300.0,88.39068701016183,88.83907179412684,88.33090541307283,88.350830078125,28371000.0
2025-10-07,672.54,672.99,667.67,669.13,64896973.0,16.579999923706055,17.549999237060547,16.190000534057617,17.239999771118164,0.0,0.0057,0.0062,7.0,7.0,6.610000133514404,6.760000228881836,9800.0,88.64975034542634,89.05827058195669,88.49032262253395,88.85899353027344,29103300.0
2025-10-08,670.25,673.2056,669.42,673.07,52291495.0,17.170000076293945,17.200000762939453,16.229999542236328,16.299999237060547,0.0,0.0055,0.0062,6.099999904632568,7.0,6.099999904632568,6.820000171661377,25220.0,89.27748009726061,89.29741236363232,88.80917066264459,88.92874145507812,22506200.0
2025-10-09,673.53,673.94,669.21,671.17,58859606.0,16.309999465942383,17.270000457763672,16.260000228881836,16.43000030517578,0.0,0.0054,0.0062,6.800000190734863,6.800000190734863,6.400000095367432,6.489999771118164,12550.0,88.8490273971096,88.9685981892789,88.68960727614945,88.85899353027344,21578700.0
2025-10-10,672.13,673.95,652.84,653.11,140096895.0,16.360000610351562,22.440000534057617,16.229999542236328,21.65999984741211,0.0,0.0053,0.0062,6.489999771118164,6.840000152587891,5.619999885559082,6.570000171661377,105100.0,89.65611990401199,90.39345414192766,89.57640603993124,90.29381561279295,59389400.0
2025-10-13,672.13,673.95,652.84,653.11,140096895.0,16.360000610351562,22.440000534057617,16.229999542236328,21.65999984741211,0.0,0.0053,0.0062,6.489999771118164,6.840000152587891,5.619999885559082,6.570000171661377,105100.0,89.65611990401199,90.39345414192766,89.57640603993124,90.29381561279295,59389400.0
2025-10-14,657.17,665.83,653.17,662.2,78844403.0,21.459999084472656,22.940000534057617,19.18000030517578,20.809999465942383,0.0,0.0055,0.0062,6.96999979019165,7.230000019073486,6.599999904632568,7.085000038146973,49300.0,90.32370815916887,90.5927329532316,90.1044988296712,90.53295135498048,29800000.0
2025-10-15,666.82,670.23,658.93,665.08,74121403.0,20.020000457763672,22.440000534057617,19.11000061035156,20.63999938964844,0.0,0.0055,0.0062,7.090000152587891,7.489999771118164,6.880000114440918,7.190000057220459,27100.0,90.63258715400195,90.97136727172229,90.14435304515897,90.33367156982422,31333900.0
2025-10-16,666.82,668.71,657.11,660.65,99215229.0,20.489999771118164,25.43000030517578,19.850000381469727,25.309999465942383,0.0,0.0058,0.0062,7.190000057220459,7.340000152587891,6.789999961853027,7.260000228881836,16300.0,90.19416712927485,91.17064293396422,90.12441940050648,91.01121520996094,39631200.0
2025-10-17,659.5,665.755,658.14,664.32,80645568.0,28.40999984741211,28.989999771118164,20.729999542236328,20.780000686645508,0.0,0.0056,0.0062,7.130000114440918,7.480000019073486,7.010000228881836,7.460000038146973,25300.0,90.92154242437068,90.96139935519956,90.57280378203352,90.87171936035156,40240400.0
2025-10-20,667.32,672.21,667.27,671.27,51619935.0,20.530000686645508,21.020000457763672,18.229999542236328,18.229999542236328,0.0,0.0054,0.0062,7.460000038146973,7.494999885559082,6.74399995803833,7.210000038146973,15500.0,91.13078661792945,91.23042514513772,90.95143422818158,91.22046661376952,28429300.0
2025-10-21,671.44,672.99,669.981,671.27,49991536.0,18.649999618530277,18.88999938964844,17.399999618530273,17.8700008392334,0.0,0.0053,0.0062,7.300000190734863,7.349999904632568,7.050000190734863,7.139999866485596,10200.0,91.6588799968158,91.85816465825876,91.57917373417118,91.6688461303711,24514300.0
2025-10-22,672.0,672.0,663.3,667.79,73297789.0,17.84000015258789,21.01000022888184,17.729999542236328,18.600000381469727,0.0,0.0052,0.0062,7.139999866485596,7.21999979019165,6.510000228881836,6.699999809265137,33500.0,91.65887470952492,91.84819322649184,91.48948845851876,91.72862243652344,30496200.0
2025-10-23,668.12,672.7101,667.8,671.63,56337511.0,18.36000061035156,19.350000381469727,17.079999923706055,17.299999237060547,0.0,0.0053,0.0062,6.670000076293945,6.800000190734863,6.5,6.760000228881836,11200.0,91.28025113817765,91.45960353367953,90.9614032797224,91.10089874267578,28275100.0
2025-10-24,676.46,678.47,675.65,677.11,56672739.0,17.020000457763672,17.219999313354492,16.020000457763672,16.3700008392334,0.0,0.0054,0.0062,6.710000038146973,7.099999904632568,6.519999980926514,6.929999828338623,21500.0,91.26031789414014,91.27028402765374,90.83187297817814,91.14075469970705,28266000.0
2025-10-27,682.73,685.54,682.115,685.18,53354083.0,17.020000457763672,17.219999313354492,16.020000457763672,16.3700008392334,0.0,0.0053,0.0062,6.900000095367432,7.099999904632568,6.659999847412109,7.010000228881836,5200.0,90.99128744928962,91.45959687019884,90.76211200431604,91.44963073730467,30033600.0
2025-10-28,682.73,685.54,682.115,685.18,53354083.0,17.020000457763672,17.219999313354492,16.020000457763672,16.3700008392334,0.0,0.0052,0.0062,6.829999923706055,6.909999847412109,6.739999771118164,6.760000228881836,18200.0,91.5193802266886,91.8481942011418,91.47952329627618,91.6887664794922,23564500.0
2025-10-29,682.73,685.54,682.115,685.18,53354083.0,17.020000457763672,17.219999313354492,16.020000457763672,16.3700008392334,0.0,0.0049,0.0062,6.78000020980835,6.849999904632568,6.5,6.565000057220459,18900.0,91.54927276478064,91.55923889805632,90.69236774945074,90.76211547851562,39551600.0
2025-10-30,682.73,685.54,682.115,685.18,53354083.0,17.020000457763672,17.219999313354492,16.020000457763672,16.3700008392334,0.0,0.005,0.0062,6.510000228881836,7.28000020980835,5.829999923706055,6.630000114440918,137600.0,90.06463779257061,90.64255188910452,90.02478086157528,90.23402404785156,42649200.0
2025-10-31,682.73,685.54,682.115,685.18,53354083.0,17.020000457763672,17.219999313354492,16.020000457763672,16.3700008392334,0.0,0.005,0.0062,5.829999923706055,5.989999771118164,5.619999885559082,5.699999809265137,16100.0,90.23402111093762,90.33366723614884,89.87531634558694,89.96499633789062,38247300.0
2025-11-03,682.73,685.54,682.115,685.18,53354083.0,17.020000457763672,17.219999313354492,16.020000457763672,16.3700008392334,0.0,0.005,0.0062,5.699999809265137,5.769999980926514,5.28000020980835,5.550000190734863,17500.0,89.62000274658203,89.81999969482422,89.41999816894531,89.73999786376953,40752300.0
2025-11-04,682.73,685.54,682.115,685.18,53354083.0,17.020000457763672,17.219999313354492,16.020000457763672,16.3700008392334,0.0,0.005,0.0062,5.349999904632568,5.480000019073486,5.179999828338623,5.199999809265137,8700.0,89.77999877929688,90.05999755859375,89.73999786376953,89.94000244140625,26383800.0
2025-11-05,682.73,685.54,682.115,685.18,53354083.0,17.020000457763672,17.219999313354492,16.020000457763672,16.3700008392334,0.0,0.005,0.0062,5.349999904632568,5.480000019073486,5.179999828338623,5.199999809265137,8700.0,89.77999877929688,90.05999755859375,89.73999786376953,89.94000244140625,26383800.0
2025-11-06,682.73,685.54,682.115,685.18,53354083.0,17.020000457763672,17.219999313354492,16.020000457763672,16.3700008392334,0.0,0.005,0.0062,5.349999904632568,5.480000019073486,5.179999828338623,5.199999809265137,8700.0,89.77999877929688,90.05999755859375,89.73999786376953,89.94000244140625,26383800.0
2025-11-07,682.73,685.54,682.115,685.18,53354083.0,17.020000457763672,17.219999313354492,16.020000457763672,16.3700008392334,0.0,0.005,0.0062,5.480000019073486,5.480000019073486,4.670000076293945,4.75,4032.0,89.36000061035156,89.87000274658203,89.36000061035156,89.79000091552734,18673784.0
